Name;RAJ2000;DEJ2000;Type1;Type2;mag1;Orb.Per;Distance;d_err
V1017 Sgr   ; 18 32 04.5  ; -29 23 12   ;Nb;DN;13.70; 5.714000;1267.05; 70.16
MR Vel      ; 09 25 45.9  ; -47 58 18   ;SS;  ;17.00; 4.028782;14242.05;11020.28
V630 Cas    ; 23 48 51.9  ; +51 27 39   ;DN;  ;16.20; 2.563870;3469.74;633.94
EQ CMa      ; 06 48 51.6  ; -16 18 03   ;CV;  ;11.90; 2.291500;411.83;  8.67
GK Per      ; 03 31 12.0  ; +43 54 16   ;Na;DN;12.80; 1.996803;441.95;  8.42
HV Cet      ; 03 05 58.5  ; +05 47 14   ;N ;  ;18.50; 1.772000;15431.38;87891.71
J2044-0459  ; 20 44 48.9  ; -04 59 29   ;DN;UG;16.70; 1.680000;2149.61;446.91
V5589 Sgr   ; 17 45 28.0  ; -23 05 23   ;Na;  ;17.00; 1.592300;   nan;   nan
V394 CrA    ; 18 00 26.0  ; -39 00 35   ;Nr;  ;17.80; 1.515682;4467.31;5233.81
X  Ser      ; 16 19 17.7  ; -02 29 30   ;Nb;  ;17.60; 1.480000;3494.00;1730.45
V2674 Oph   ; 17 26 32.1  ; -28 49 39   ;Na;  ;21.50; 1.302100;1282.37;843.29
J1805-3154  ; 18 05 25.4  ; -31 54 05   ;Na;  ;18.80; 1.266400;   nan;   nan
U  Sco      ; 16 22 30.8  ; -17 52 44   ;Nr;  ;18.50; 1.230547;-2840.46;1732.89
N LMC 2009a ; 05 40 44.2  ; -66 40 12   ;Nr;  ;0.00; 1.190000;-8445.51;30134.95
AKO 9       ; 00 24 04.8  ; -72 04 55   ;DN;  ;17.30; 1.109099;3300.19;837.39
CAL 83      ; 05 43 34.2  ; -68 22 22   ;SS;  ;16.20; 1.047529;10222.90;7818.81
CP Cru      ; 12 10 31.4  ; -61 45 10   ;Na;  ;19.50; 0.944000;1495.33;897.74
V1129 Cen   ; 12 39 07.9  ; -45 33 44   ;DN;  ;9.50; 0.893025;290.74;  4.87
V1082 Sgr   ; 19 07 21.9  ; -20 46 50   ;NL;VY;14.00; 0.867520;669.00; 12.57
J1714+5851  ; 17 14 56.8  ; +58 51 28   ;DN;  ;15.00; 0.838030;480.46;  3.55
V726 Sgr    ; 18 19 33.7  ; -26 53 20   ;Na;  ;19.40; 0.822812;   nan;   nan
J0454-7026  ; 04 54 56.9  ; -70 26 56   ;Na;  ;18.40; 0.802000;4784.72;3494.66
V731 Cas    ; 23 57 00.3  ; +56 45 08   ;NL;  ;19.10; 0.780600;10881.34;26842.60
J0513-6951  ; 05 13 50.8  ; -69 51 48   ;SS;  ;16.00; 0.762956;-10745.74;10113.95
J1509-2147  ; 15 09 46.6  ; -21 47 46   ;DN;  ;11.50; 0.702420;564.71; 17.28
V723 Cas    ; 01 05 05.4  ; +54 00 41   ;Nb;  ;18.80; 0.693277;7628.78;2736.91
V368 Aql    ; 19 26 34.4  ; +07 36 14   ;Na;  ;16.20; 0.690509;2693.86;377.65
QR And      ; 00 19 49.8  ; +21 56 53   ;SS;IP;12.20; 0.660465;2002.78;181.48
V445 Pup    ; 07 37 56.9  ; -25 56 59   ;N ;  ;14.60; 0.650650;   nan;   nan
V2731 Oph   ; 17 30 21.9  ; -05 59 32   ;NL;IP;16.30; 0.642500;2292.86;295.57
V478 Her    ; 17 21 05.6  ; +23 39 40   ;DN;  ;17.50; 0.629049;2573.70;389.62
CI Aql      ; 18 52 03.6  ; -01 28 39   ;Nr;  ;17.00; 0.618360;3061.62;473.17
BV Cen      ; 13 31 19.6  ; -54 58 34   ;DN;UG;12.60; 0.611179;366.55;  5.36
J1930+0530  ; 19 30 50.8  ; +05 30 58   ;CV;  ;11.00; 0.610920;325.81;  4.94
V841 Oph    ; 16 59 30.3  ; -12 53 27   ;Nb;  ;13.20; 0.601304;823.27; 18.24
V479 And    ; 00 18 56.9  ; +34 54 44   ;NL;AM;17.50; 0.594093;2379.32;493.36
DI Lac      ; 22 35 48.6  ; +52 43 00   ;Na;  ;14.20; 0.543773;1643.45; 55.44
V  Sge      ; 20 20 14.8  ; +21 06 09   ;SS;  ;9.50; 0.514197;2386.52;182.33
J1951+3716  ; 19 51 47.5  ; +37 16 48   ;NL;  ;15.50; 0.492000;541.33; 11.62
UY Pup      ; 07 46 31.2  ; -12 57 09   ;DN;UG;15.30; 0.479269;1057.24; 44.92
NGC 6397-CV1; 17 40 41.6  ; -53 40 19   ;  ;  ;17.50; 0.471199;3444.17;353.16
V442 Cen    ; 11 24 51.9  ; -35 54 38   ;DN;UG;16.50; 0.460000;339.21;  5.31
EY Cyg      ; 19 54 36.8  ; +32 21 55   ;DN;UG;14.50; 0.459324;647.49;  8.56
QU Car      ; 11 05 42.8  ; -68 37 58   ;NL;  ;11.10; 0.450000;589.63; 13.15
CAL 87      ; 05 46 48.3  ; -71 09 24   ;SS;  ;18.90; 0.442678;477.86;188.17
DX And      ; 23 29 46.7  ; +43 45 04   ;DN;UG;14.00; 0.440502;599.34;  8.93
J1755-2816  ; 17 55 53.3  ; -28 16 34   ;CV;  ;15.00; 0.431035;896.11; 55.77
J1051-6127  ; 10 51 36.7  ; -51 27 39   ;DN;UG;21.00; 0.426916;-4289.18;4095.36
V537 Peg    ; 22 43 40.7  ; +30 55 20   ;DN;  ;16.50; 0.422340;737.56; 22.92
KO Vel      ; 10 15 58.4  ; -47 58 11   ;NL;IP;16.70; 0.422000;630.90; 81.18
Q  Cyg      ; 21 41 43.9  ; +42 50 29   ;Na;  ;14.30; 0.420360;1371.28; 45.79
0928+5004   ; 09 32 14.9  ; +49 50 54   ;NL;UX;14.30; 0.418380;2601.57;403.81
WX Cen      ; 13 12 52.5  ; -63 23 45   ;NL;SS;13.40; 0.416959;2926.29;170.51
V1062 Tau   ; 05 02 27.5  ; +24 45 23   ;NL;IP;15.10; 0.415926;1581.93;193.20
AE Aqr      ; 20 40 09.0  ; -00 52 16   ;NL;DQ;10.70; 0.411656; 91.19;  0.46
NY Lup      ; 15 48 14.6  ; -45 28 40   ;NL;IP;14.50; 0.411000;1271.73; 44.61
J0043+4113  ; 00 43 20.0  ; +41 13 46   ;N ;IP;21.00; 0.409500;   nan;   nan
J1756-2748  ; 17 56 07.3  ; -27 48 48   ;DN;  ;18.00; 0.397460;   nan;   nan
J0527-6954  ; 05 27 48.9  ; -69 54 09   ;SS;  ;17.90; 0.392600;   nan;   nan
J0746-1611  ; 07 46 17.1  ; -16 11 28   ;NL;  ;14.50; 0.391010;649.99; 12.54
SY Cnc      ; 09 01 03.4  ; +17 53 56   ;DN;ZC;13.50; 0.382375;448.09;  8.75
IU Leo      ; 10 57 56.3  ; +09 23 14   ;DN;UG;15.70; 0.376308;797.66; 45.89
AT Ara      ; 17 30 33.8  ; -46 05 59   ;DN;UG;15.30; 0.375500;981.54; 49.15
RU Peg      ; 22 14 02.6  ; +12 42 11   ;DN;UG;12.50; 0.374600;276.52;  3.40
J0647+4950  ; 06 47 29.3  ; +49 50 27   ;DN;  ;17.50; 0.371500;1066.66; 78.08
J1151-6237  ; 11 51 13.0  ; -62 37 29   ;N?;SS;15.50; 0.360400;4073.61;573.50
RZ Gru      ; 22 47 12.0  ; -42 44 39   ;NL;UX;12.30; 0.360000;542.85; 17.33
J1749-2943  ; 17 49 54.6  ; -29 43 35   ;NL;QN;19.50; 0.358700;-2790.09;2994.92
QZ Aur      ; 05 28 34.0  ; +33 18 23   ;Na;  ;17.00; 0.357496;2865.77;885.05
J2256-2743  ; 22 56 47.8  ; -27 43 25   ;DN;  ;16.20; 0.350100;1353.27;147.77
GY Hya      ; 14 30 30.5  ; -25 52 38   ;DN;UG;15.10; 0.347237;683.73; 20.74
V2677 Oph   ; 17 39 57.0  ; -24 47 07   ;N ;  ;19.80; 0.344300;   nan;   nan
CH UMa      ; 10 07 00.6  ; +67 32 47   ;DN;UG;14.50; 0.343184;380.65;  3.03
MU Cen      ; 12 12 53.9  ; -44 28 16   ;DN;UG;14.90; 0.342000;520.98;  8.74
V902 Mon    ; 06 27 46.4  ; +01 48 11   ;NL;IP;16.00; 0.340083;3504.89;1536.88
BT Mon      ; 06 43 47.2  ; -02 01 15   ;Na;SW;15.40; 0.333814;1466.40;101.13
V1309 Ori   ; 05 15 41.4  ; +01 04 40   ;NL;AM;15.50; 0.332612;645.92; 17.22
J0838-4831  ; 08 38 49.1  ; -48 31 25   ;NL;IP;16.60; 0.330000;2167.18;283.96
J0632+2536  ; 06 32 13.1  ; +25 36 23   ;DN;  ;17.90; 0.326000;445.65;  9.25
V392 Hya    ; 10 58 56.4  ; -29 14 41   ;DN;UG;16.30; 0.324952;953.81; 44.71
AF Cam      ; 03 32 15.6  ; +58 47 22   ;DN;UG;17.00; 0.324078;938.63; 50.31
V363 Aur    ; 05 33 33.5  ; +36 59 32   ;NL;UX;14.20; 0.321242;879.20; 23.71
HQ Mon      ; 07 11 33.7  ; +00 52 05   ;NL;UX;12.80; 0.316000;772.66; 24.58
V2275 Cyg   ; 21 03 02.0  ; +48 45 53   ;Na;IP;18.00; 0.314500;4606.51;4514.02
J0345+5335  ; 03 45 11.6  ; +53 35 15   ;CV;DN;17.80; 0.313900;731.31; 38.60
V2069 Cyg   ; 21 23 44.8  ; +42 18 02   ;NL;IP;15.80; 0.311680;1177.40; 44.20
J1836-2354  ; 18 36 24.7  ; -23 54 36   ;DN;UG;19.00; 0.310000;   nan;   nan
V1174 Sgr   ; 18 01 37.0  ; -28 44 19   ;N ;  ;18.20; 0.309045;-3790.12;2606.66
J1413-6520  ; 14 13 12.2  ; -65 20 14   ;NL;AM;24.30; 0.302000;-12602.02;29030.33
RY Ser      ; 17 23 07.2  ; -12 48 09   ;DN;  ;16.40; 0.300900;645.69; 22.57
AC Cnc      ; 08 44 27.2  ; +12 52 32   ;NL;UX;13.50; 0.300478;673.11; 17.40
V2274 Cyg   ; 20 07 17.9  ; +36 04 37   ;Na;  ;20.00; 0.300000;3216.33;1738.59
V838 Her    ; 18 46 31.5  ; +12 14 02   ;Na;  ;19.20; 0.297635;2154.36;3297.95
J2133+5107  ; 21 33 43.7  ; +51 07 25   ;NL;IP;14.90; 0.297431;1376.27; 49.65
0218+3229   ; 02 21 33.5  ; +32 43 24   ;DN;  ;16.20; 0.297230;518.15; 16.22
V792 Cyg    ; 19 31 01.0  ; +33 47 04   ;DN;UG;17.20; 0.297200;1401.50; 97.28
J1729+2208  ; 17 29 51.6  ; +22 08 08   ;DN;  ;18.70; 0.297000;1434.04;373.01
V959 Mon    ; 06 39 38.6  ; +05 53 53   ;N ;  ;19.70; 0.295850;17416.57;57511.92
J1052-6141  ; 10 52 11.9  ; -61 41 14   ;DN;UG;20.80; 0.293191;2168.13;402.12
EM Cyg      ; 19 38 40.1  ; +30 30 28   ;DN;ZC;13.50; 0.290909;545.14; 88.92
Z  Cam      ; 08 25 13.2  ; +73 06 39   ;DN;ZC;12.60; 0.289841;225.38;  2.05
FH Lyn      ; 08 13 21.9  ; +45 28 10   ;DN;UG;18.30; 0.289000;1771.05;428.75
J1619+1351  ; 16 19 09.1  ; +13 51 46   ;DN;UG;19.10; 0.286500;1748.27;266.44
V1059 Sgr   ; 19 01 50.4  ; -13 09 43   ;Na;  ;18.10; 0.286100;3358.11;1547.53
V426 Oph    ; 18 07 51.7  ; +05 51 49   ;DN;ZC;13.50; 0.285300;192.45;  1.50
ST Cha      ; 10 47 15.6  ; -79 28 07   ;DN;ZC;12.40; 0.285000;715.38; 12.85
V2540 Oph   ; 17 37 34.4  ; -16 23 18   ;Nb;  ;21.00; 0.284781;-14736.34;53432.08
BY Cir      ; 14 44 53.6  ; -63 53 55   ;Nb;  ;17.60; 0.281600;3316.27;1864.30
V972 Oph    ; 17 34 44.5  ; -28 10 36   ;Nb;  ;17.50; 0.281000;1097.98;288.97
V4743 Sgr   ; 19 01 09.3  ; -22 00 06   ;Na;  ;16.80; 0.279900;4363.46;1951.53
2347-3144   ; 23 50 30.5  ; -31 27 34   ;NL;  ;15.20; 0.277000;1983.53;289.13
J0902-1130  ; 09 02 10.2  ; -11 30 32   ;DN;  ;18.40; 0.275700;1097.58;182.39
SS Cyg      ; 21 42 42.7  ; +43 35 10   ;DN;UG;11.20; 0.275130;114.62;  0.64
V587 Lyr    ; 19 17 26.5  ; +37 10 41   ;DN;UG;17.60; 0.274000;   nan;   nan
V2615 Oph   ; 17 42 44.0  ; -23 40 35   ;Na;  ;19.70; 0.272339;1523.47;1224.67
LY UMa      ; 10 48 18.0  ; +52 18 30   ;DN;  ;15.10; 0.271278;310.10;  4.01
BF Eri      ; 04 39 29.9  ; -04 35 59   ;DN;UG;15.30; 0.270880;559.99; 10.03
J1039-6255  ; 10 39 47.8  ; -62 55 29   ;DN;UG;19.00; 0.269960;-1188.48;515.65
J0644+3344  ; 06 44 34.4  ; +33 44 57   ;NL;SW;13.20; 0.269374;476.13;  6.85
CM Phe      ; 00 21 33.1  ; -51 42 34   ;NL;  ;15.30; 0.268900;315.12;  3.76
TT Crt      ; 11 34 47.2  ; -11 45 30   ;DN;UG;15.90; 0.268420;542.89; 19.65
EI UMa      ; 08 38 22.0  ; +48 38 02   ;NL;IP;13.10; 0.268100;1132.64; 47.65
V339 Del    ; 20 23 30.7  ; +20 46 04   ;Na;  ;17.40; 0.267920;2622.04;2485.07
U  Leo      ; 10 24 03.9  ; +14 00 26   ;N ;  ;17.30; 0.267400;-1280.63;1049.87
HS Pup      ; 07 53 24.9  ; -31 38 50   ;Na;  ;18.00; 0.267000;-8781.40;9464.52
J1543+7515  ; 15 43 36.7  ; +75 15 41   ;CV;  ;14.80; 0.265359;560.94;  8.40
TW Pic      ; 05 34 50.7  ; -58 01 41   ;NL;VY;14.10; 0.265000;437.84;  4.28
BV Pup      ; 07 49 05.3  ; -23 34 01   ;DN;UG;15.60; 0.265000;558.11;  8.27
TZ Per      ; 02 13 51.0  ; +58 22 53   ;DN;ZC;14.70; 0.262906;478.05;  5.81
NGC 104-W2  ; 00 24 15.6  ; -72 04 36   ;CV;  ;21.50; 0.262000;8797.77;4131.46
FY Per      ; 04 41 56.6  ; +50 42 36   ;NL;VY;11.90; 0.258500;344.07;  5.83
AH Her      ; 16 44 10.0  ; +25 15 02   ;DN;ZC;13.90; 0.258116;324.31;  3.18
J0457+4527  ; 04 57 08.3  ; +45 27 50   ;NL;IP;17.50; 0.257819;2051.57;590.90
V1425 Aql   ; 19 05 26.7  ; -01 42 14   ;N ;NL;20.00; 0.255800;-1299.14;1067.78
J1931+4559  ; 19 31 29.2  ; +45 59 06   ;NL;DN;12.20; 0.254400;351.50;  2.59
J1224-4101  ; 12 24 43.3  ; -41 01 59   ;DN;UG;19.10; 0.253670;1779.54;1517.33
J1544+2553  ; 15 44 53.6  ; +25 53 49   ;CV;  ;16.60; 0.251282;526.56; 20.95
RU LMi      ; 10 02 07.5  ; +33 51 00   ;DN;UG;17.80; 0.251000;1007.95; 87.10
LL Lyr      ; 18 35 12.9  ; +38 20 04   ;DN;UG;17.10; 0.249069;833.89; 54.24
V1039 Cen   ; 13 55 41.2  ; -64 15 57   ;Na;IP;20.80; 0.247000;1785.36;933.49
PQ Aql      ; 19 53 06.6  ; +12 59 01   ;DN;UG;18.00; 0.246750;1402.14;182.51
J1509-6649  ; 15 09 26.0  ; -66 49 23   ;NL;IP;14.50; 0.245400;1163.89; 37.80
RW Sex      ; 10 19 56.6  ; -08 41 56   ;NL;UX;9.90; 0.245070;236.51;  5.00
M 5-V101    ; 15 18 14.5  ; +02 05 35   ;DN;UG;20.70; 0.242000;-1581.61;2257.49
NGC 104-W1  ; 00 24 16.7  ; -72 04 27   ;CV;  ;20.10; 0.240500;522.41; 87.11
AH Eri      ; 04 22 38.1  ; -13 21 30   ;DN;UG;17.70; 0.239100;1215.71;128.75
J1740-2903  ; 17 40 16.1  ; -29 03 38   ;NL;IP;19.10; 0.238400;1211.74;357.66
TX Col      ; 05 43 20.2  ; -41 01 55   ;NL;IP;14.50; 0.238300;922.42; 27.06
J0518+2941  ; 05 18 14.3  ; +29 41 13   ;NL;  ;15.00; 0.238300;590.82; 24.15
AG Hya      ; 09 50 29.8  ; -23 45 17   ;DN;UG;19.20; 0.238000;1267.03;164.22
J0742-1049  ; 07 42 08.2  ; -10 49 32   ;  ;  ;16.50; 0.237800;518.90; 16.19
J1744-2603  ; 17 44 44.8  ; -26 03 30   ;DN;  ;17.00; 0.237089;567.82; 98.39
NGC 6397-CV6; 17 40 49.0  ; -53 39 49   ;  ;  ;19.30; 0.235196;   nan;   nan
DO Leo      ; 10 40 51.2  ; +15 11 34   ;NL;  ;16.50; 0.234515;1463.14;213.98
V344 Ori    ; 06 15 19.0  ; +15 31 00   ;DN;UG;18.00; 0.234000;775.06;105.39
V667 Pup    ; 07 32 37.7  ; -13 31 08   ;NL;IP;15.70; 0.233800;813.71; 48.96
VY Scl      ; 23 29 00.5  ; -29 46 46   ;NL;VY;12.10; 0.232300;640.91; 24.28
V347 Pup    ; 06 10 33.6  ; -48 44 26   ;NL;SW;13.40; 0.231936;295.76;  1.41
RW Tri      ; 02 25 36.1  ; +28 05 51   ;NL;UX;12.50; 0.231883;315.05;  4.74
WX Pyx      ; 08 33 05.8  ; -22 48 33   ;NL;IP;16.70; 0.230700;1669.23;237.10
J0805+0720  ; 08 05 34.5  ; +07 20 29   ;CV;  ;17.80; 0.229000;1948.21;648.17
TV Col      ; 05 29 25.4  ; -32 49 05   ;NL;IP;13.50; 0.228600;512.57;  4.65
V705 Cas    ; 23 41 47.3  ; +57 31 00   ;Na;  ;17.00; 0.228000;2085.36;377.67
V365 Car    ; 11 03 15.9  ; -58 27 26   ;Nb;  ;18.10; 0.225000;3521.53;1643.63
J1753-2917  ; 17 53 18.7  ; -29 17 17   ;DN;SH;19.00; 0.224980;   nan;   nan
J1830-1232  ; 18 30 49.9  ; -12 32 19   ;NL;IP;17.90; 0.223900;2055.93;652.71
EZ Del      ; 20 25 22.9  ; +15 45 58   ;DN;UG;14.50; 0.223400;1795.37;479.93
V709 Cas    ; 00 28 48.9  ; +59 17 22   ;NL;IP;14.10; 0.222204;747.01; 11.87
DM Cap      ; 21 54 11.1  ; -09 01 22   ;CV;  ;19.20; 0.221500;   nan;   nan
CN Vel      ; 11 02 38.7  ; -54 23 10   ;Na;  ;17.80; 0.220000;7406.65;6110.27
NGC 104-W120; 00 24 10.8  ; -72 06 20   ;CV;  ;22.70; 0.220000;   nan;   nan
NR TrA      ; 16 18 48.2  ; -60 27 49   ;N ;  ;19.00; 0.219000;4440.32;1516.54
N LMC 1995  ; 05 26 50.3  ; -70 01 24   ;N ;EG;19.60; 0.219000;   nan;   nan
CZ Ori      ; 06 16 43.2  ; +15 24 12   ;DN;UG;16.30; 0.218900;494.46; 26.60
FO Aql      ; 19 16 38.2  ; +00 07 37   ;DN;UG;18.00; 0.217735;488.51; 12.49
AY Psc      ; 01 36 55.4  ; +07 16 30   ;DN;ZC;15.30; 0.217321;748.26; 29.08
V513 Cas    ; 00 18 14.9  ; +66 18 14   ;DN;ZC;18.00; 0.217000;844.93; 32.78
HL CMa      ; 06 45 17.2  ; -16 51 35   ;DN;ZC;13.20; 0.216787;303.34;  3.70
PQ Gem      ; 07 51 17.4  ; +14 44 25   ;NL;IP;14.00; 0.216359;765.96; 21.15
AR Cnc      ; 09 22 07.5  ; +31 03 15   ;DN;UG;18.70; 0.214600;1002.51;337.32
V5588 Sgr   ; 18 10 21.4  ; -23 05 30   ;Na;  ;17.70; 0.214320;882.54;500.90
HR Del      ; 20 42 20.4  ; +19 09 40   ;Nb;  ;11.90; 0.214165;957.12; 31.97
AR Cir      ; 14 48 09.2  ; -60 00 25   ;Nb;  ;17.60; 0.214000;1728.94;359.75
PW Vul      ; 19 26 05.1  ; +27 21 59   ;Na;  ;17.50; 0.213700;2345.56;550.11
AP Cru      ; 12 31 20.6  ; -64 26 25   ;N ;IP;17.70; 0.213000;1268.57;2952.90
HZ Pup      ; 08 03 22.8  ; -28 28 29   ;Na;NL;17.20; 0.213000;2450.64;402.18
NGC 6752-CV1; 19 10 52.1  ; -59 58 01   ;GC;  ;17.00; 0.213000;   nan;   nan
J1759-2624  ; 17 59 11.7  ; -26 24 40   ;DN;  ;18.60; 0.211945;-1847.00;2426.02
EX Dra      ; 18 04 14.1  ; +67 54 12   ;DN;UG;15.30; 0.209937;246.41;  1.18
RX And      ; 01 04 35.6  ; +41 17 58   ;DN;ZC;14.00; 0.209893;198.90;  2.00
J0816+4530  ; 08 16 10.8  ; +45 30 10   ;DN;  ;19.20; 0.209600;1172.00;779.48
J0900+4301  ; 09 00 16.6  ; +43 01 18   ;DN;  ;18.90; 0.209370;839.81;103.97
J1616-4958  ; 16 16 37.8  ; -49 58 45   ;NL;IP;16.30; 0.208500;1598.65;180.09
2205+0201   ; 22 08 07.5  ; +02 16 20   ;  ;  ;16.40; 0.208000;3375.54;867.33
V4745 Sgr   ; 18 40 02.6  ; -33 26 56   ;Nb;IP;17.00; 0.207820;6893.16;11499.19
TW Tri      ; 01 36 37.0  ; +32 00 40   ;DN;UG;17.00; 0.207584;725.27; 37.60
V617 Sgr    ; 18 07 50.9  ; -35 10 25   ;NL;SS;13.60; 0.207166;23054.14;21414.54
V3885 Sgr   ; 19 47 40.5  ; -42 00 26   ;NL;UX;9.60; 0.207161;132.68;  1.38
V446 Her    ; 18 57 21.6  ; +13 14 29   ;Na;DN;17.60; 0.207000;1344.55;130.63
V495 Hya    ; 08 44 00.1  ; +02 39 19   ;DN;  ;18.30; 0.207000;918.62;184.34
V825 Her    ; 17 18 37.0  ; +41 15 51   ;NL;  ;14.10; 0.206000;1078.41; 31.65
J0808+3131  ; 08 08 46.2  ; +31 31 06   ;DN;UG;19.40; 0.205900;2699.95;1915.69
J0911+0841  ; 09 11 27.4  ; +08 41 41   ;DN;  ;19.70; 0.205400;1099.45;572.15
T  Aur      ; 05 31 59.1  ; +30 26 45   ;Nb;  ;14.90; 0.204378;876.71; 39.27
J2138+2638  ; 21 38 05.0  ; +26 38 20   ;DN;UG;17.80; 0.202200;1364.95;302.48
FO Aqr      ; 22 17 55.4  ; -08 21 05   ;NL;IP;12.70; 0.202060;525.65; 14.09
AT Cnc      ; 08 28 36.9  ; +25 20 03   ;DN;ZC;15.30; 0.201100;454.38;  9.67
HX Peg      ; 23 40 23.7  ; +12 37 42   ;DN;ZC;15.80; 0.200800;583.05; 18.88
CZ Aql      ; 19 19 58.2  ; -07 10 55   ;DN;NL;14.60; 0.200500;622.28; 16.94
V895 Cen    ; 14 29 27.2  ; -38 04 10   ;NL;AM;16.50; 0.198553;368.61;  8.40
V345 Pav    ; 19 35 43.0  ; -59 08 22   ;NL;UX;13.40; 0.198096;   nan;   nan
J1822-2956  ; 18 22 16.2  ; -29 56 40   ;DN;  ;18.40; 0.197797;1456.45;1275.74
UX UMa      ; 13 36 41.0  ; +51 54 50   ;NL;UX;12.50; 0.196671;297.60;  2.07
MU Cam      ; 06 25 16.2  ; +73 34 40   ;NL;IP;14.40; 0.196600;981.47; 27.15
V433 Ara    ; 17 00 06.1  ; -57 51 52   ;NL;VY;16.80; 0.195730;999.77;104.32
LS IV -08 3 ; 16 56 29.6  ; -08 34 39   ;NL;UX;11.50; 0.195289;210.98;  2.82
V363 Lyr    ; 19 08 51.6  ; +43 00 32   ;DN;UG;19.50; 0.195000;1404.29;122.61
CT Ser      ; 15 45 39.1  ; +14 22 33   ;N ;  ;16.30; 0.195000;4341.20;1184.60
NGC 104-CV3 ; 00 24 06.2  ; -72 04 43   ;NL;AM;23.10; 0.194490;-9957.84;14362.97
2325+8205   ; 23 26 50.5  ; +82 22 11   ;DN;ZC;16.40; 0.194335;465.82;  8.15
J1814-2847  ; 18 14 33.0  ; -28 47 35   ;NL;UX;19.50; 0.194257;1841.88;710.82
IX Vel      ; 08 15 18.9  ; -49 13 18   ;NL;UX;9.00; 0.193927; 90.56;  0.23
DQ Her      ; 18 07 30.4  ; +45 51 32   ;Na;DQ;14.20; 0.193621;500.63;  5.94
J0107+4845  ; 01 07 42.8  ; +48 45 19   ;NL;SW;14.90; 0.193598;763.71; 36.86
AI Tri      ; 02 03 48.6  ; +29 59 26   ;NL;AM;15.50; 0.191746;557.26; 19.01
V825 Sco    ; 17 49 53.8  ; -33 32 13   ;N ;  ;17.80; 0.191659;-363.16; 67.31
BI Ori      ; 05 23 51.8  ; +01 00 30   ;DN;UG;17.00; 0.191500;706.60; 36.97
J1745-3746  ; 17 45 15.6  ; -37 46 28   ;NL;UX;18.90; 0.189915;   nan;   nan
V416 Dra    ; 18 57 20.4  ; +71 31 19   ;DN;UG;17.20; 0.189109;622.93; 16.38
CG Dra      ; 19 07 32.8  ; +52 58 29   ;DN;UG;17.40; 0.188640;   nan;   nan
J0944-5617  ; 09 44 09.4  ; -56 17 11   ;NL;SW;17.50; 0.187934;781.34; 39.98
V697 Sco    ; 17 51 21.8  ; -37 24 55   ;Na;IP;20.00; 0.187000;425.03; 49.27
HM Leo      ; 09 38 37.0  ; +07 14 55   ;DN;  ;17.50; 0.186800;504.17; 45.69
J2047+0000  ; 20 47 20.8  ; +00 00 08   ;CV;DN;20.00; 0.186444;443.18;103.98
J1006+2337  ; 10 06 58.4  ; +23 37 24   ;DN;UG;18.50; 0.185913;796.37;171.93
HH Cnc      ; 09 16 50.7  ; +28 49 43   ;DN;UG;19.50; 0.184500;1464.20;1392.18
HY Leo      ; 09 46 34.5  ; +13 50 58   ;NL;IP;15.80; 0.184160;1216.10;171.39
V1323 Her   ; 18 03 39.7  ; +40 12 21   ;NL;IP;17.00; 0.183400;2243.55;412.39
J0649-0737  ; 06 49 50.8  ; -07 37 41   ;NL;AM;18.00; 0.183000;611.33; 38.32
J1959+5625  ; 19 59 19.4  ; +56 25 21   ;DN;Nr;19.70; 0.183000;759.99; 39.86
MQ Dra      ; 15 53 31.1  ; +55 16 15   ;NL;AM;17.30; 0.182970;186.23;  3.21
J1810-3052  ; 18 10 46.6  ; -30 52 32   ;DN;  ;19.20; 0.182941;   nan;   nan
SS Aur      ; 06 13 22.4  ; +47 44 26   ;DN;UG;15.00; 0.182800;259.80;  2.78
TW Vir      ; 11 45 21.1  ; -04 26 06   ;DN;UG;16.30; 0.182670;431.67; 21.81
V418 Gem    ; 07 04 08.7  ; +26 25 11   ;NL;IP;16.70; 0.182100;3842.02;2060.49
V542 Cyg    ; 19 49 10.5  ; +58 31 59   ;DN;UG;18.30; 0.181500;455.17; 85.19
V795 Cyg    ; 19 34 34.1  ; +31 32 12   ;DN;UG;18.40; 0.181300;655.36; 48.96
V2306 Cyg   ; 19 58 14.5  ; +32 32 42   ;NL;IP;15.70; 0.181200;1359.60; 61.94
GI Mon      ; 07 26 47.1  ; -06 40 30   ;Na;IP;16.10; 0.180200;3189.51;551.62
BD Pav      ; 18 43 11.9  ; -57 30 44   ;DN;UG;15.40; 0.179301;336.39;  3.74
V513 Peg    ; 22 16 31.2  ; +29 00 21   ;DN;UG;15.50; 0.179200;397.69;  9.86
V400 Per    ; 03 07 38.3  ; +47 07 40   ;Na;  ;19.00; 0.179000;-2535.47;4036.30
J1806-2907  ; 18 06 24.4  ; -29 07 45   ;NL;UX;17.40; 0.178432;-142634.05;7419327.56
J1037-6249  ; 10 37 28.4  ; -62 49 29   ;DN;UG;20.20; 0.177939;2118.25;2030.99
V405 Peg    ; 23 09 49.2  ; +21 35 18   ;DN;  ;17.90; 0.177647;172.88;  1.85
U  Gem      ; 07 55 05.3  ; +22 00 06   ;DN;UG;13.90; 0.176906; 93.35;  0.26
ES Dra      ; 15 25 31.8  ; +62 01 00   ;DN;ZC;16.20; 0.176600;675.88; 13.92
CW Mon      ; 06 36 54.5  ; +00 02 16   ;DN;UG;16.80; 0.176600;342.96;  8.81
J1754-3157  ; 17 54 32.5  ; -31 57 52   ;NL;UX;18.20; 0.176348;1882.09;1205.15
UZ Ser      ; 18 11 24.9  ; -14 55 34   ;DN;ZC;16.20; 0.175890;   nan;   nan
WW Cet      ; 00 11 24.8  ; -11 28 43   ;DN;ZC;13.90; 0.175800;217.98;  2.22
V504 Cen    ; 14 12 49.1  ; -40 21 37   ;NL;VY;12.00; 0.175567;   nan;   nan
GY Cnc      ; 09 09 50.6  ; +18 49 47   ;DN;UG;15.50; 0.175442;263.90;  4.72
V436 Car    ; 07 44 57.9  ; -52 57 13   ;NL;  ;14.40; 0.175300;667.83; 15.38
J2048+0050  ; 20 48 27.9  ; +00 50 09   ;NL;AM;19.40; 0.175000;592.89; 63.73
LS Peg      ; 21 51 57.9  ; +14 06 54   ;NL;IP;11.60; 0.174774;287.32;  3.44
V1043 Cen   ; 13 13 17.1  ; -32 59 12   ;NL;AM;14.60; 0.174592;172.81;  1.17
V729 Sgr    ; 19 16 49.2  ; -26 14 33   ;DN;  ;14.40; 0.173406;445.36;  8.17
V849 Oph    ; 18 14 07.3  ; +11 36 43   ;Nb;  ;17.90; 0.172757;6531.52;8533.77
V405 Aur    ; 05 57 59.3  ; +53 53 45   ;NL;IP;13.90; 0.172620;674.47; 13.89
J0035+4623  ; 00 35 35.7  ; +46 23 53   ;DN;  ;16.00; 0.172275;473.93; 12.60
0035-7230   ; 00 37 19.8  ; -72 14 14   ;SS;EG;20.20; 0.172000;5530.51;19590.19
FO Per      ; 04 08 35.0  ; +51 14 48   ;DN;UG;17.30; 0.171900;583.67; 18.17
J2216+4646  ; 22 16 50.3  ; +46 46 41   ;NL;IP;14.00; 0.171802;400.98;  3.96
V516 Cyg    ; 20 47 09.8  ; +41 55 27   ;DN;UG;17.70; 0.171200;733.39; 22.67
LT Eri      ; 04 07 14.8  ; -06 44 25   ;DN;NS;17.10; 0.170170;671.29; 39.90
NGC 6752-CX1; 19 10 51.1  ; -59 59 12   ;DN;  ;19.50; 0.170000;-13359.19;30569.19
J0927-3910  ; 09 27 51.9  ; -39 10 52   ;  ;  ;16.40; 0.170000;1792.86;181.66
J1856+4537  ; 18 56 08.1  ; +45 37 40   ;  ;  ;15.20; 0.170000;983.32; 27.49
LZ Mus      ; 11 56 09.0  ; -65 34 21   ;N ;  ;18.00; 0.169300;7234.57;3309.89
0139+0559   ; 01 41 40.0  ; +06 14 37   ;NL;UX;15.30; 0.169200;1303.81;110.67
VW Vul      ; 20 57 45.1  ; +25 30 26   ;DN;ZC;16.30; 0.168700;541.46; 13.84
J1758-3119  ; 17 58 54.1  ; -31 19 01   ;DN;  ;17.00; 0.168325;738.98;128.33
0922+1333   ; 09 24 56.0  ; +13 20 53   ;NL;AM;17.00; 0.168312;163.46;  3.63
V1033 Cas   ; 00 22 57.6  ; +61 41 08   ;NL;IP;16.60; 0.168000;1553.67;133.34
DO Aql      ; 19 31 25.9  ; -06 25 38   ;Nc;  ;17.80; 0.167762;4889.24;7340.51
J1923+6124  ; 19 23 28.3  ; +61 24 13   ;  ;  ;17.50; 0.167700;2118.57;617.65
J1753-2134  ; 17 53 26.4  ; -21 34 05   ;NL;UX;18.90; 0.167116;   nan;   nan
J1831+6511  ; 18 31 44.5  ; +65 11 32   ;DN;  ;15.90; 0.167000;811.26; 25.46
J1719-4100  ; 17 19 35.9  ; -41 00 54   ;NL;IP;15.30; 0.166900;654.29; 17.38
DO Dra      ; 11 43 38.3  ; +71 41 20   ;DN;IP;14.00; 0.165374;197.77;  1.17
J1927+4447  ; 19 27 48.5  ; +44 47 25   ;DN;  ;18.80; 0.165308;864.83;126.92
AM Cas      ; 02 26 23.4  ; +71 18 32   ;DN;UG;15.20; 0.165200;434.16;  4.74
V1193 Ori   ; 05 16 26.7  ; -00 12 14   ;NL;UX;13.70; 0.165001;815.50; 26.48
J2200+0334  ; 22 00 31.2  ; +03 34 30   ;DN;ZC;19.30; 0.165000;32894.45;339072.92
V1776 Cyg   ; 20 23 30.5  ; +46 31 30   ;NL;UX;16.20; 0.164739;1084.67; 69.98
X  Leo      ; 09 51 01.5  ; +11 52 31   ;DN;UG;15.80; 0.164400;396.90; 13.63
J0153+7446  ; 01 53 20.9  ; +74 46 22   ;NL;IP;16.40; 0.164150;1608.41;134.80
Lanning 386 ; 21 08 34.0  ; +39 05 35   ;DN;SW;17.40; 0.164052;576.90; 24.52
V842 Cen    ; 14 35 52.6  ; -57 37 35   ;Na;NL;16.30; 0.164000;1368.90; 94.21
UU Aqr      ; 22 09 05.7  ; -03 46 18   ;NL;UX;13.30; 0.163805;255.90;  5.15
J1305-5755  ; 13 05 59.5  ; -57 55 00   ;  ;  ;17.20; 0.163700;1597.86;181.10
UU Aql      ; 19 57 18.7  ; -09 19 21   ;DN;UG;16.00; 0.163532;313.30;  5.50
J0940+2749  ; 09 40 02.6  ; +27 49 42   ;DN;UG;17.50; 0.163520;837.13;162.66
CN Ori      ; 05 52 07.8  ; -05 25 01   ;DN;UG;16.50; 0.163199;351.67;  5.39
AR And      ; 01 45 03.3  ; +37 56 33   ;DN;UG;16.90; 0.163000;438.89; 32.76
KR Aur      ; 06 15 43.9  ; +28 35 09   ;NL;VY;12.70; 0.162800;436.60; 73.42
KT Per      ; 01 37 08.7  ; +50 57 20   ;DN;UG;15.60; 0.162658;242.23;  3.14
CM Del      ; 20 24 56.9  ; +17 17 54   ;NL;UX;13.40; 0.162000;407.24;  5.14
V367 Peg    ; 22 45 00.7  ; +16 55 14   ;DN;  ;18.20; 0.161900;   nan;   nan
0229+8016   ; 02 35 58.3  ; +80 29 44   ;NL;UX;14.00; 0.161490;486.31;  5.12
J1820-2414  ; 18 20 38.4  ; -24 14 31   ;NL;UX;18.10; 0.161329;   nan;   nan
J1804-2659  ; 18 04 16.6  ; -26 59 10   ;NL;UX;18.80; 0.161177;   nan;   nan
VZ Aqr      ; 21 30 24.6  ; -02 59 18   ;DN;UG;18.00; 0.160600;585.21; 49.32
J2337+4308  ; 23 37 59.2  ; +43 08 52   ;NL;VY;16.40; 0.160500;930.96; 62.55
J1930+5157  ; 19 30 59.2  ; +51 57 36   ;DN;SU;20.20; 0.160100;1586.12;583.95
J0812+1911  ; 08 12 56.8  ; +19 11 58   ;NL;NS;15.80; 0.160053;767.95; 40.56
V4077 Sgr   ; 18 34 39.4  ; -26 26 03   ;Nb;  ;21.00; 0.160000;   nan;   nan
J1446+0253  ; 14 47 00.0  ; +02 53 30   ;NL;IP;17.90; 0.160000;903.15;246.78
V2467 Cyg   ; 20 28 12.5  ; +41 48 36   ;Na;NL;20.00; 0.159600;2337.01;740.60
CY Lyr      ; 18 52 41.4  ; +26 45 30   ;DN;UG;17.00; 0.159100;489.51;  9.93
J1751-3516  ; 17 51 42.8  ; -35 16 35   ;NL;UX;17.80; 0.158999;-107254.52;4674846.28
VY For      ; 03 32 04.6  ; -25 56 56   ;NL;AM;17.50; 0.158600;672.06;100.65
LX Ser      ; 15 38 00.1  ; +18 52 03   ;NL;VY;14.10; 0.158432;492.42; 10.40
IP Peg      ; 23 23 08.6  ; +18 24 59   ;DN;UG;14.00; 0.158206;141.20;  0.99
V382 Vel    ; 10 44 48.4  ; -52 25 31   ;Na;  ;16.60; 0.158100;1786.13;174.38
V523 Lyr    ; 19 21 07.5  ; +37 47 57   ;NL;VY;17.70; 0.158000;6144.75;4747.69
J0227+1306  ; 02 27 32.9  ; +13 06 17   ;NL;AM;17.00; 0.157799;470.12; 19.56
J1040-4701  ; 10 40 00.0  ; -47 01 26   ;NL;  ;16.00; 0.157700;1633.80;137.86
J1740-2418  ; 17 40 48.9  ; -24 18 34   ;NL;AM;17.50; 0.157370;   nan;   nan
J2108-0350  ; 21 08 46.4  ; -03 50 32   ;DN;UG;17.50; 0.156927;750.64; 89.64
0642+5049   ; 06 46 19.6  ; +50 45 48   ;NL;UX;15.30; 0.156900;1536.51;140.33
J1031-4626  ; 10 31 35.0  ; -46 26 39   ;NL;  ;17.00; 0.156700;1632.65;176.65
V5582 Sgr   ; 17 45 05.4  ; -20 03 22   ;N ;  ;19.40; 0.156604;   nan;   nan
V811 Cyg    ; 19 48 23.3  ; +36 26 23   ;DN;UG;17.20; 0.156560;511.55; 12.05
V1493 Aql   ; 19 07 36.9  ; +12 31 27   ;Na;  ;21.00; 0.156000;-7863.37;7934.10
SV CMi      ; 07 31 08.4  ; +05 58 49   ;DN;UG;16.30; 0.156000;455.38; 19.71
BH Lyn      ; 08 22 36.0  ; +51 05 25   ;NL;SW;13.70; 0.155875;783.27; 31.52
V447 Lyr    ; 19 00 19.9  ; +44 27 45   ;DN;UG;21.00; 0.155627;   nan;   nan
J0449-1841  ; 04 49 02.7  ; -18 41 29   ;DN;  ;17.70; 0.155540;734.54;100.88
J1424-0227  ; 14 24 39.0  ; -02 27 39   ;NL;AM;19.60; 0.155500;420.75; 52.09
OY Ara      ; 16 40 50.3  ; -52 25 51   ;Na;SW;18.70; 0.155466;1708.80;644.41
GS Pav      ; 20 08 07.6  ; -69 48 58   ;NL;VY;14.90; 0.155270;552.24; 16.64
IW And      ; 01 01 08.9  ; +43 23 26   ;DN;ZC;17.50; 0.155000;835.08; 54.84
PY Per      ; 02 50 00.1  ; +37 39 23   ;DN;ZC;19.80; 0.154800;502.61; 26.72
J1654-1916  ; 16 54 43.7  ; -19 16 31   ;NL;IP;15.60; 0.154800;1095.56; 59.06
QQ Vul      ; 20 05 41.9  ; +22 39 59   ;NL;AM;14.20; 0.154520;317.29;  4.29
2117-5417   ; 21 21 26.6  ; -54 04 34   ;NL;  ;13.70; 0.154500;537.28;  8.97
J1226-2527  ; 12 26 17.3  ; -25 27 04   ;DN;  ;16.70; 0.154400;884.59;142.15
V380 Oph    ; 17 50 13.7  ; +06 05 29   ;NL;VY;14.30; 0.154107;677.65; 33.47
BB Dor      ; 05 29 28.7  ; -58 54 46   ;NL;SW;14.00; 0.154095;919.92; 22.24
V373 Sct    ; 18 55 26.7  ; -07 43 06   ;Na;IP;18.40; 0.154000;   nan;   nan
LD 317      ; 23 44 57.4  ; +43 31 22   ;NL;VY;12.60; 0.154000;405.64;  9.70
0758+4019   ; 08 02 15.3  ; +40 10 46   ;NL;  ;16.70; 0.153900;1285.19;123.93
WY Sge      ; 19 32 43.8  ; +17 44 55   ;N ;DN;19.00; 0.153635;896.50;111.45
V992 Sco    ; 17 07 17.5  ; -43 15 22   ;Nb;  ;17.00; 0.153580;2516.55;947.78
V4579 Sgr   ; 18 03 37.9  ; -28 00 09   ;Nb;  ;16.20; 0.153561;1146.18;100.01
J1129-5355  ; 11 29 21.7  ; -53 55 44   ;NL;  ;16.30; 0.153550;1491.28;102.50
BZ Cam      ; 06 29 34.0  ; +71 04 37   ;NL;VY;12.00; 0.153530;372.00;  5.17
V794 Aql    ; 20 17 34.0  ; -03 39 51   ;NL;VY;13.30; 0.153300;652.00; 21.29
J1024-4826  ; 10 24 42.0  ; -48 26 43   ;  ;  ;15.60; 0.153000;804.98; 33.92
BP Lyn      ; 09 03 08.9  ; +41 17 48   ;NL;UX;14.50; 0.152812;696.71; 21.03
AB Dra      ; 19 49 06.5  ; +77 44 24   ;DN;UG;14.50; 0.152000;409.48;  4.45
V999 Sgr    ; 18 00 05.6  ; -27 33 14   ;Nb;  ;16.30; 0.151841;7518.05;6318.25
LX And      ; 02 19 44.1  ; +40 27 22   ;DN;UG;16.90; 0.150974;539.16; 20.34
J1649-3307  ; 16 49 55.6  ; -33 07 02   ;NL;IP;15.90; 0.150700;1170.20; 84.41
V5113 Sgr   ; 18 10 10.4  ; -27 45 33   ;N ;  ;20.00; 0.150015;259.54; 33.90
EF Tuc      ; 00 01 55.0  ; -67 07 44   ;DN;  ;15.00; 0.150000;1389.74; 44.56
NGC 6752-CV2; 19 10 52.0  ; -59 58 56   ;GC;DN;20.90; 0.150000;   nan;   nan
J0749-0549  ; 07 49 10.4  ; -05 49 26   ;NL;AM;19.00; 0.150000;1168.49;163.73
LU Cam      ; 05 58 18.0  ; +67 53 46   ;NL;SH;17.00; 0.149969;668.01; 25.21
AO Psc      ; 22 55 18.0  ; -03 10 40   ;NL;IP;13.30; 0.149627;494.71; 10.52
V425 Cas    ; 23 03 46.6  ; +53 17 15   ;NL;VY;14.50; 0.149600;908.31; 25.31
V1294 Tau   ; 04 00 37.3  ; +06 22 46   ;NL;VY;14.60; 0.149500;1303.79;164.81
0220+0603   ; 02 23 01.6  ; +06 16 52   ;NL;UX;15.60; 0.149208;732.55; 67.25
0455+8315   ; 05 06 48.5  ; +83 19 23   ;NL;VY;14.50; 0.148724;781.97; 18.09
VZ Sex      ; 09 44 31.7  ; +03 58 05   ;DN;UG;16.00; 0.148700;   nan;   nan
1813+6122   ; 18 14 29.6  ; +61 23 35   ;NL;UX;15.20; 0.148000;808.03; 18.69
V524 Hya    ; 09 20 09.5  ; +00 42 45   ;NL;SW;17.20; 0.147878;2320.64;1385.05
V2574 Oph   ; 17 38 45.5  ; -23 28 19   ;Na;NS;0.00; 0.147700;-49908.60;1529430.85
0506+7725   ; 05 13 36.5  ; +77 28 44   ;NL;VY;15.10; 0.147700;991.02; 30.33
V533 Her    ; 18 14 20.5  ; +41 51 23   ;Na;DQ;14.40; 0.147000;1204.84; 46.54
J0537-7034  ; 05 37 44.6  ; -70 33 47   ;SS;  ;19.70; 0.147000;   nan;   nan
J0942-1936  ; 09 42 52.3  ; -19 36 52   ;DN;  ;19.50; 0.147000;639.78;167.12
PX And      ; 00 30 05.8  ; +26 17 27   ;NL;SW;15.00; 0.146353;811.51; 28.80
J1220-1027  ; 12 20 59.8  ; -10 27 35   ;DN;  ;19.30; 0.146150;2006.75;2872.83
Leo 5       ; 10 28 00.1  ; +21 48 14   ;DN;ZC;16.20; 0.146100;1103.47;175.70
IM Eri      ; 04 24 41.1  ; -20 07 12   ;NL;UX;11.10; 0.145635;191.17;  1.44
CH CrB      ; 16 07 45.0  ; +36 23 21   ;NL;UX;18.00; 0.145500;2323.78;1105.24
V358 Aqr    ; 23 16 03.6  ; -05 27 08   ;NL;AM;15.70; 0.145452;464.90; 86.54
V2468 Cyg   ; 19 58 33.4  ; +29 52 07   ;Na;  ;18.00; 0.145250;3433.59;1379.64
V500 Aql    ; 19 52 28.0  ; +08 28 46   ;Na;  ;19.30; 0.145200;1420.69;673.10
CP Lac      ; 22 15 41.2  ; +55 37 02   ;Na;SW;15.30; 0.145143;1164.33; 56.88
RR Pic      ; 06 35 36.1  ; -62 38 24   ;Nb;SW;12.00; 0.145025;511.40;  7.95
J0756-1246  ; 07 56 48.9  ; -12 46 54   ;NL;SW;16.30; 0.145000;1641.40;202.17
J1007-2017  ; 10 07 34.6  ; -20 17 33   ;NL;AM;16.00; 0.144864;889.43;147.51
VZ Scl      ; 23 50 09.2  ; -26 22 53   ;NL;VY;15.60; 0.144622;560.16; 18.69
V751 Cyg    ; 20 52 12.8  ; +44 19 26   ;VY;SW;13.20; 0.144464;774.46; 13.42
J2255-3449  ; 22 55 04.2  ; -34 49 18   ;NL;  ;15.70; 0.144461;723.41; 51.43
V647 Aur    ; 06 36 32.6  ; +35 35 43   ;NL;IP;15.70; 0.144440;2251.26;340.99
LN UMa      ; 10 04 34.7  ; +66 29 15   ;NL;VY;14.60; 0.144400;969.99; 31.80
V1101 Aql   ; 20 13 04.0  ; +15 35 47   ;DN;  ;14.30; 0.144200;717.13; 16.81
UU Col      ; 05 12 13.1  ; -32 41 39   ;NL;IP;17.30; 0.144000;3350.12;1100.50
J1926+1322  ; 19 26 27.0  ; +13 22 05   ;NL;IP;17.30; 0.143700;1448.27;296.93
J0617-3626  ; 06 17 53.8  ; -36 26 55   ;CV;  ;17.20; 0.143350;921.92;156.56
J2014+1529  ; 20 14 24.9  ; +15 29 30   ;NL;IP;19.30; 0.143300;1110.04;209.69
EV Lyn      ; 07 54 43.0  ; +50 07 29   ;NL;SW;17.80; 0.143030;1658.52;455.36
V584 Lyr    ; 19 10 59.4  ; +28 56 39   ;DN;  ;18.90; 0.142900;2004.78;698.93
V909 Sgr    ; 18 25 52.3  ; -35 01 27   ;Na;  ;20.00; 0.142900;1155.26;1612.85
LS Cam      ; 05 57 24.0  ; +72 41 52   ;NL;IP;16.70; 0.142500;1721.37;143.87
V2289 Cyg   ; 19 34 36.1  ; +51 07 41   ;DN;UG;19.00; 0.142000;1613.51;207.46
V2400 Oph   ; 17 12 36.4  ; -24 14 45   ;NL;IP;14.20; 0.142000;714.96; 16.98
J0746-0934  ; 07 46 55.5  ; -09 34 31   ;DN;  ;14.00; 0.141600;435.88;  6.77
AQ Men      ; 05 07 53.6  ; -79 51 24   ;NL;NS;14.80; 0.141471;560.92;  7.84
MN Hya      ; 09 29 07.1  ; -24 05 05   ;NL;AM;16.50; 0.141244;665.37; 51.56
V849 Her    ; 16 35 45.7  ; +11 24 58   ;NL;  ;14.60; 0.141000;1068.01; 46.28
J1659+1927  ; 16 59 51.7  ; +19 27 46   ;NL;  ;16.80; 0.141000;1639.54;204.26
AH Pic      ; 05 57 12.7  ; -59 35 26   ;NL;UX;14.30; 0.140950;576.05;  8.04
V388 Peg    ; 21 57 32.4  ; +08 55 14   ;NL;AM;17.50; 0.140630;689.28; 74.08
J1422-0221  ; 14 22 56.4  ; -02 21 07   ;NL;AM;19.40; 0.140400;894.14;241.72
V1223 Sgr   ; 18 55 02.2  ; -31 09 49   ;NL;IP;12.30; 0.140244;579.86; 15.97
V1432 Aql   ; 19 40 11.5  ; -10 25 25   ;NL;AM;14.90; 0.140236;462.26;  9.74
RR Cha      ; 13 26 24.2  ; -82 19 43   ;Na;SH;18.90; 0.140100;1876.53;629.39
J1751-2934  ; 17 51 22.7  ; -29 34 36   ;NL;AM;18.80; 0.140000;2013.89;1595.57
BO Cet      ; 02 06 39.2  ; -02 03 43   ;NL;SW;13.50; 0.139800;520.16;  9.82
BY Cam      ; 05 42 48.9  ; +60 51 32   ;NL;AM;14.00; 0.139753;272.41;  2.31
V1315 Aql   ; 19 13 54.5  ; +12 18 03   ;NL;UX;14.30; 0.139690;448.53;  6.32
TT Tri      ; 01 31 59.7  ; +29 49 22   ;NL;UX;15.60; 0.139637;551.13; 14.17
V1500 Cyg   ; 21 11 36.6  ; +48 09 02   ;Na;NL;19.20; 0.139613;1287.04;309.27
WX Ari      ; 02 47 36.2  ; +10 35 39   ;NL;UX;15.30; 0.139351;676.30; 64.69
DY Pup      ; 08 13 48.4  ; -26 33 57   ;Nb;  ;19.60; 0.139000;3850.30;4649.48
V378 Peg    ; 23 40 04.3  ; +30 17 47   ;NL;NS;13.80; 0.138580;942.10; 29.61
V1668 Cyg   ; 21 42 35.2  ; +44 01 55   ;Na;  ;19.70; 0.138400;-1136.54;1257.82
V728 Sco    ; 17 39 05.6  ; -45 27 14   ;Na;  ;17.00; 0.138340;1288.72;369.49
V603 Aql    ; 18 48 54.6  ; +00 35 03   ;Na;SH;11.40; 0.138201;313.42;  6.74
TT Ari      ; 02 06 53.1  ; +15 17 43   ;VY;SW;9.50; 0.137550;257.47;  4.63
V5585 Sgr   ; 18 07 27.0  ; -29 00 44   ;Na;  ;21.80; 0.137526;   nan;   nan
2133+0513   ; 21 35 59.3  ; +05 27 00   ;NL;VY;16.90; 0.137000;1366.32;264.24
J0756+0858  ; 07 56 53.1  ; +08 58 32   ;NL;UX;16.50; 0.136974;1192.78;129.32
J2142-6748  ; 21 42 17.3  ; -67 48 01   ;DN;  ;17.40; 0.136710;444.88; 13.30
OZ Dra      ; 13 27 23.4  ; +65 28 54   ;NL;UX;17.80; 0.136632;1908.10;608.72
DW UMa      ; 10 33 53.0  ; +58 46 55   ;NL;SW;13.60; 0.136607;586.90; 12.56
J1206+5100  ; 12 06 15.7  ; +51 00 47   ;NL;LA;19.90; 0.136600;327.88; 25.09
XX Tau      ; 05 19 24.5  ; +16 43 00   ;Na;  ;18.60; 0.136000;2562.80;2197.24
OR And      ; 23 04 37.4  ; +49 27 24   ;NL;VY;14.50; 0.135900;1455.29; 57.32
HL Aqr      ; 22 20 26.9  ; +02 00 54   ;NL;UX;13.30; 0.135570;594.61; 17.87
V393 Hya    ; 11 00 17.5  ; -29 51 59   ;NL;  ;15.90; 0.135000;2167.16;272.85
SW Sex      ; 10 15 09.4  ; -03 08 34   ;NL;UX;14.30; 0.134938;   nan;   nan
Aqr 1       ; 22 38 43.8  ; +01 08 21   ;NL;IP;18.10; 0.134930;6023.30;8172.79
BG CMi      ; 07 31 29.0  ; +09 56 23   ;NL;IP;14.30; 0.134748;992.62; 54.11
V1494 Aql   ; 19 23 05.4  ; +04 57 20   ;Na;  ;17.60; 0.134616;1191.29;200.80
V482 Cam    ; 07 33 41.4  ; +67 32 16   ;NL;SW;15.70; 0.133619;555.88; 12.61
V4742 Sgr   ; 18 02 21.9  ; -25 20 32   ;Na;IP;19.00; 0.133616;-1906.70;7161.17
J0809+3814  ; 08 09 08.4  ; +38 14 06   ;NL;SW;15.60; 0.133616;1271.78; 77.85
J0733+2619  ; 07 33 46.3  ; +26 19 26   ;NL;AM;17.40; 0.133400;1015.26;221.63
J0753+0445  ; 07 53 30.8  ; +04 45 56   ;NL;VY;14.60; 0.133000;1383.74;107.37
J0734-1706  ; 07 34 18.6  ; -17 06 27   ;NL;SW;17.80; 0.132726;1031.64;150.40
J0837+3830  ; 08 37 51.0  ; +38 30 12   ;NL;AM;18.90; 0.132500;808.70;172.64
MV Lyr      ; 19 07 16.3  ; +44 01 08   ;NL;VY;11.80; 0.132335;499.47; 12.10
V519 Ser    ; 16 10 07.5  ; +03 52 33   ;NL;AM;16.50; 0.132274;325.66; 11.42
V1033 Cen   ; 11 41 22.9  ; -64 10 14   ;NL;AM;16.50; 0.131518;244.84;  8.59
J1453-5521  ; 14 53 41.2  ; -55 21 37   ;NL;AM;14.50; 0.131517;219.06;  1.66
J0759+1914  ; 07 59 39.8  ; +19 14 17   ;DN;AM;18.20; 0.130934;1319.31;323.19
J0130+6221  ; 01 30 31.9  ; +62 21 32   ;DN;  ;17.50; 0.130062;788.85; 49.04
DK Lac      ; 22 49 47.0  ; +53 17 20   ;Na;VY;16.80; 0.129600;2483.92;430.29
AM Her      ; 18 16 13.3  ; +49 52 04   ;NL;AM;12.00; 0.128927; 87.76;  0.14
KQ Mon      ; 07 31 21.1  ; -10 21 50   ;NL;UX;13.00; 0.128000;628.67; 11.46
DN Gem      ; 06 54 54.4  ; +32 08 27   ;Na;  ;16.00; 0.127844;1372.04;151.98
AH Men      ; 06 11 44.1  ; -81 49 24   ;NL;SW;13.20; 0.127210;500.12;  3.97
BX Pup      ; 07 54 15.6  ; -24 19 36   ;DN;ZC;16.60; 0.127000;754.83; 23.11
J0921-5939  ; 09 21 34.1  ; -59 39 07   ;  ;  ;17.30; 0.126700;2608.79;445.76
CW Hyi      ; 02 30 51.1  ; -68 42 05   ;NL;AM;16.00; 0.126250;569.14; 27.21
V4633 Sgr   ; 18 21 40.5  ; -27 31 38   ;Na;NL;18.70; 0.125567;   nan;   nan
J2319+2615  ; 23 19 30.3  ; +26 15 19   ;NL;AM;16.50; 0.125440;522.84; 26.38
LQ Peg      ; 21 36 19.1  ; +11 40 55   ;NL;VY;14.40; 0.124747;1083.41; 62.15
J1753-3324  ; 17 53 08.4  ; -33 24 23   ;NL;UX;18.40; 0.124641;   nan;   nan
V442 Oph    ; 17 32 15.1  ; -16 15 22   ;NL;VY;12.60; 0.124330;499.22;  6.76
J1754-3006  ; 17 54 13.8  ; -30 06 13   ;NL;UX;17.40; 0.123985;1820.06;1668.45
V5116 Sgr   ; 18 17 50.8  ; -30 26 32   ;Na;  ;18.70; 0.123744;   nan;   nan
DM Gem      ; 06 44 12.1  ; +29 56 42   ;Na;SW;16.70; 0.122800;5014.14;2861.26
J1042-6211  ; 10 42 02.4  ; -62 11 54   ;DN;SU;19.70; 0.122000;-188.21; 48.69
J0813+2813  ; 08 13 52.0  ; +28 13 17   ;NL;VY;17.10; 0.122000;1296.88;330.94
V1084 Her   ; 16 43 45.7  ; +34 02 40   ;NL;SW;12.50; 0.120560;444.30;  5.85
J1751-2933#1; 17 51 51.2  ; -29 33 10   ;NL;AM;22.30; 0.119700;2152.41;1137.83
HY Eri      ; 05 01 46.3  ; -03 59 21   ;NL;AM;17.50; 0.118969;-7334.48;44310.32
V351 Pup    ; 08 11 38.3  ; -35 07 31   ;Na;  ;17.90; 0.118200;11568.98;68397.23
V630 Sgr    ; 18 08 48.4  ; -34 20 22   ;Na;SH;17.00; 0.117930;4422.93;3581.89
J1741-2758  ; 17 41 42.4  ; -27 58 30   ;NL;  ;19.40; 0.117860;-410.53;164.90
J2102+3359  ; 21 02 01.4  ; +33 59 30   ;NL;AM;16.60; 0.117800;6057.26;27097.94
V2214 Oph   ; 17 12 01.6  ; -29 37 33   ;Na;  ;20.50; 0.117515;463.93;131.83
J1432+1914  ; 14 32 09.8  ; +19 14 04   ;CV;  ;18.40; 0.117400;1421.52;428.47
TU Men      ; 04 41 40.7  ; -76 36 46   ;DN;SU;18.50; 0.117200;277.94;  5.00
V5627 Sgr   ; 18 01 56.3  ; -27 22 56   ;DN;  ;16.10; 0.117161;3350.20;1905.05
WX LMi      ; 10 26 27.5  ; +38 45 04   ;NL;AM;0.00; 0.115924; 98.55;  0.98
V592 Cas    ; 00 20 52.2  ; +55 42 17   ;UX;SH;12.50; 0.115063;455.00;  7.09
J1924+4459  ; 19 24 10.8  ; +44 59 35   ;NL;SW;15.20; 0.114379;2494.54;277.84
EU Lyn      ; 07 52 40.5  ; +36 28 23   ;NL;AM;17.80; 0.114000;399.65;177.45
V515 And    ; 00 55 19.9  ; +46 12 57   ;NL;IP;14.30; 0.113795;1006.37; 46.49
V405 Vul    ; 19 53 05.0  ; +21 14 49   ;DN;SU;19.00; 0.113000;1618.47;131.56
2114-6437   ; 21 18 49.9  ; -64 25 13   ;CV;  ;14.90; 0.111800;649.61; 16.07
QU Vul      ; 20 26 46.0  ; +27 50 43   ;Na;  ;19.40; 0.111765;1352.90;669.43
KZ Gem      ; 06 53 02.5  ; +16 39 59   ;DN;UG;16.80; 0.111220;1293.18;149.31
V597 Pup    ; 08 16 18.0  ; -34 15 25   ;Na;NL;20.00; 0.111190;88185.72;3717356.08
V349 Pav    ; 20 08 55.8  ; -65 27 43   ;NL;AM;18.00; 0.110900;646.81; 56.01
PZ Vir      ; 13 24 11.6  ; +03 20 51   ;NL;AM;20.50; 0.110220;   nan;   nan
CI Gem      ; 06 30 05.9  ; +22 18 51   ;DN;SU;21.70; 0.110000;   nan;   nan
CS Ind      ; 21 59 54.6  ; -68 50 36   ;DN;  ;17.80; 0.110000;328.61;  8.93
J0524+4244  ; 05 24 30.5  ; +42 44 51   ;NL;AM;16.50; 0.109148;578.97; 35.63
AX Cap      ; 20 08 57.0  ; -17 16 38   ;DN;SU;21.50; 0.109000;   nan;   nan
V795 Her    ; 17 12 56.1  ; +33 31 21   ;NL;SH;12.70; 0.108247;589.32; 13.41
V  Per      ; 02 01 53.9  ; +56 44 04   ;N ;NL;18.10; 0.107123;5782.28;4481.87
V2491 Cyg   ; 19 43 02.0  ; +32 19 14   ;Na;IP;20.00; 0.106700;23037.74;60683.66
J2039-0429  ; 20 39 37.7  ; -04 29 08   ;DN;SU;19.00; 0.105722;787.09; 92.37
AP CrB      ; 15 54 12.3  ; +27 21 52   ;NL;AM;17.00; 0.105462;208.81;  3.12
V654 Aur    ; 07 29 10.7  ; +36 58 38   ;NL;AM;0.00; 0.104000;802.57;443.70
V434 Gem    ; 07 48 13.5  ; +29 05 09   ;NL;  ;18.60; 0.104000;-10054.70;46282.65
J0659+2525  ; 06 59 21.7  ; +25 25 55   ;CV;  ;20.50; 0.104000;   nan;   nan
J1627+1204  ; 16 27 18.5  ; +12 04 35   ;DN;SU;19.20; 0.104000;1125.82;284.83
IM Nor      ; 15 39 26.5  ; -52 19 18   ;Nr;  ;19.00; 0.102600;1005.43;419.40
J1340+1513  ; 13 40 52.1  ; +15 13 41   ;DN;  ;18.30; 0.102100;691.70; 69.41
V348 Pup    ; 07 12 32.9  ; -36 05 40   ;NL;SW;15.50; 0.101839;808.18; 21.52
V1363 Cyg   ; 20 06 11.5  ; +33 42 38   ;DN;UG;17.60; 0.101000;1770.11;143.56
J0011-0647  ; 00 11 53.1  ; -06 47 39   ;DN;UG;17.00; 0.100281;512.52; 35.79
V1239 Her   ; 17 02 13.3  ; +32 29 54   ;DN;SU;17.40; 0.100082;294.14; 10.90
J1543-5227  ; 15 43 05.5  ; -52 27 10   ;NL;AM;16.80; 0.100000;2825.06;1112.17
J1753-2921  ; 17 53 10.0  ; -29 21 21   ;DN;SU;18.60; 0.100000;   nan;   nan
J0859+0536  ; 08 59 09.2  ; +05 36 55   ;NL;AM;15.60; 0.099860;440.81; 30.00
MN Dra      ; 20 23 38.3  ; +64 36 27   ;DN;SU;19.20; 0.099800;966.56;205.64
J1619+0319  ; 16 19 53.3  ; +03 19 09   ;DN;  ;17.30; 0.099401;1828.42;492.60
V351 UMa    ; 12 44 26.3  ; +61 35 15   ;CV;  ;18.80; 0.099200;692.17; 78.28
V1006 Cyg   ; 19 48 47.2  ; +57 09 22   ;DN;SU;17.80; 0.099040;479.82; 15.70
J0648+0656  ; 06 48 33.5  ; +06 56 23   ;DN;SU;18.50; 0.099000;332.47; 18.24
J1751-2929#2; 17 51 31.6  ; -29 29 56   ;NL;AM;23.10; 0.098800;   nan;   nan
NGC 104-W71 ; 00 24 10.6  ; -72 05 16   ;CV;  ;20.90; 0.098770;   nan;   nan
J1128-3448  ; 11 28 15.4  ; -34 48 08   ;DN;SU;18.00; 0.098500;534.76; 61.27
J1830+1233  ; 18 30 01.8  ; +12 33 48   ;DN;SU;16.70; 0.098022;340.18;  5.72
NY Ser      ; 15 13 02.3  ; +23 15 08   ;DN;SU;18.70; 0.097800;772.76; 30.64
QS Tel      ; 19 38 35.7  ; -46 12 57   ;NL;AM;15.20; 0.097187;187.34;  2.93
J1749+1913  ; 17 49 02.1  ; +19 13 30   ;DN;SU;20.30; 0.097000;1804.92;1387.66
J0814+0907  ; 08 14 08.4  ; +09 07 59   ;DN;SU;20.70; 0.096000;1115.83;952.35
V516 Pup    ; 08 03 45.5  ; -47 48 45   ;NL;AM;16.20; 0.095200;541.91; 38.78
DV Sco      ; 16 50 27.9  ; -28 07 59   ;DN;SU;18.40; 0.095000;758.72; 37.63
V444 Peg    ; 21 37 01.8  ; +07 14 46   ;DN;SU;19.40; 0.094700;404.64; 38.71
V725 Aql    ; 19 56 45.1  ; +10 49 32   ;DN;SU;19.30; 0.093900;   nan;   nan
KT Eri      ; 04 47 54.2  ; -10 10 43   ;Na;Nr;14.50; 0.093800;4891.69;918.27
J0038+2509  ; 00 38 27.0  ; +25 09 25   ;DN;SU;18.70; 0.093800;476.00; 74.56
J0750+1411  ; 07 51 00.0  ; +14 11 50   ;DN;  ;18.80; 0.093165;759.90;161.09
V381 Vel    ; 10 16 58.9  ; -41 03 45   ;NL;AM;0.00; 0.093100;520.71; 26.88
J0153+3408  ; 01 53 21.5  ; +34 08 56   ;DN;SU;21.10; 0.093000;646.24;444.13
J1200-1526  ; 12 00 52.9  ; -15 26 21   ;DN;SU;18.30; 0.093000;526.21;118.68
V1189 Her   ; 16 29 36.5  ; +26 35 20   ;NL;AM;18.80; 0.093000;682.40; 97.92
J2147+2445  ; 21 47 38.4  ; +24 45 54   ;DN;SU;18.40; 0.092730;497.29; 55.16
UW Pic      ; 05 31 35.6  ; -46 24 06   ;NL;AM;16.40; 0.092640;290.92;  3.66
J1503-2207  ; 15 03 54.0  ; -22 07 11   ;NL;AM;16.40; 0.092620;391.99; 30.43
AD Men      ; 06 04 30.9  ; -71 25 23   ;DN;SU;15.50; 0.092200;547.65; 58.45
J1536+3328  ; 15 36 34.4  ; +33 28 52   ;DN;SU;19.20; 0.092100;816.48;169.00
J1333+1437  ; 13 33 09.2  ; +14 37 07   ;NL;AM;18.50; 0.092000;-1127.91;1148.73
J2054-1940  ; 20 54 08.2  ; -19 40 27   ;DN;SU;20.30; 0.092000;8487.72;44532.63
J1625+1203  ; 16 25 20.3  ; +12 03 09   ;DN;SU;18.50; 0.091433;455.08; 48.80
J0846+3115  ; 08 46 16.9  ; +31 15 55   ;DN;SU;21.80; 0.091380;   nan;   nan
HU Leo      ; 09 24 44.5  ; +08 01 51   ;NL;AM;19.30; 0.091141;608.18;171.34
J1316-1513  ; 13 16 25.7  ; -15 13 13   ;DN;SU;20.50; 0.091000;805.06;752.34
V589 Her    ; 16 22 07.2  ; +19 22 36   ;DN;SU;17.50; 0.090500;990.07;171.47
GV Psc      ; 01 13 06.7  ; +21 52 51   ;DN;SU;20.50; 0.090000;   nan;   nan
J2218+1925  ; 22 18 32.7  ; +19 25 21   ;NL;AM;17.90; 0.090000;238.81;  7.10
J2242-1945  ; 22 42 58.0  ; -19 45 52   ;DN;SU;19.70; 0.090000;600.44;167.53
UV Gem      ; 06 38 44.1  ; +18 16 11   ;DN;SU;18.80; 0.089500;632.47; 99.28
MT Dra      ; 18 46 58.9  ; +55 38 29   ;NL;AM;20.00; 0.089387;507.24; 23.22
BT CrB      ; 15 56 56.9  ; +35 23 37   ;DN;  ;18.90; 0.089200;1479.75;417.07
GX Cas      ; 00 49 01.5  ; +56 52 45   ;DN;SU;18.50; 0.089000;376.09; 31.89
V1258 Cen   ; 13 00 29.1  ; -30 52 57   ;DN;SU;18.00; 0.088941;356.32; 48.96
J2234+0041  ; 22 34 39.9  ; +00 41 27   ;DN;  ;18.30; 0.088400;498.60; 40.58
GZ Cnc      ; 09 15 51.7  ; +09 00 50   ;DN;SU;15.40; 0.088100;   nan;   nan
J2234-0355  ; 22 34 18.4  ; -03 55 30   ;DN;SU;21.00; 0.088100;6650.15;42078.01
J0637-2541  ; 06 37 47.5  ; -25 41 20   ;DN;SU;19.60; 0.088000;1335.86;1037.88
J0939+6956  ; 09 39 55.7  ; +69 56 46   ;DN;SU;20.50; 0.088000;1480.42;817.22
J1557+1807  ; 15 57 20.7  ; +18 07 20   ;DN;  ;18.70; 0.088000;846.94;198.00
J1623+7826  ; 16 23 23.4  ; +78 26 03   ;DN;SU;19.10; 0.088000;399.19; 25.04
V344 Lyr    ; 18 44 39.2  ; +43 22 28   ;DN;SU;19.50; 0.087904;1063.79; 86.08
UZ For      ; 03 35 28.6  ; -25 44 23   ;NL;AM;15.50; 0.087865;239.60;  4.26
J0738+2855  ; 07 38 17.8  ; +28 55 20   ;CV;  ;19.60; 0.087500;763.49;195.54
EU Cnc      ; 08 51 27.2  ; +11 46 57   ;NL;AM;20.10; 0.087100;560.94;786.96
IR Com      ; 12 39 32.0  ; +21 08 06   ;DN;  ;16.90; 0.087039;220.67;  3.88
J0038+7921  ; 00 38 37.5  ; +79 21 37   ;DN;SU;19.20; 0.087000;778.24; 44.70
J2126+2538  ; 21 26 24.2  ; +25 38 27   ;DN;SU;19.30; 0.087000;530.55; 91.71
J2212+1601  ; 22 12 32.0  ; +16 01 40   ;DN;SU;20.30; 0.087000;863.99;500.95
HU Aqr      ; 21 07 58.3  ; -05 17 39   ;NL;AM;14.50; 0.086820;192.20;  2.33
YZ Cnc      ; 08 10 56.6  ; +28 08 34   ;DN;SU;15.00; 0.086800;239.54;  2.66
J1740-2847  ; 17 40 09.1  ; -28 47 26   ;NL;IP;18.40; 0.086800;1918.64;1116.36
J0614-2725  ; 06 14 51.7  ; -27 25 35   ;NL;AM;0.00; 0.086600;891.20;212.93
J1743-0429  ; 17 43 20.3  ; -04 29 57   ;NL;AM;15.10; 0.086600;213.41;  3.19
V419 Lyr    ; 19 10 13.9  ; +29 06 14   ;DN;SU;18.00; 0.086400;-10574.33;19817.77
J0009-1210  ; 00 09 38.2  ; -12 10 16   ;DN;SU;19.90; 0.086200;   nan;   nan
J1751-2929#1; 17 51 29.1  ; -29 29 24   ;NL;AM;22.20; 0.086200;-2795.08;6244.36
V823 Cyg    ; 20 01 49.3  ; +36 07 24   ;DN;SU;18.90; 0.086000;924.70; 85.72
J0959-1601  ; 09 59 26.5  ; -16 01 47   ;DN;SU;20.30; 0.086000;608.35;218.11
J1047-6041  ; 10 47 57.2  ; -60 41 23   ;DN;SU;22.70; 0.086000;-845.69;624.85
J1243+4332  ; 12 43 12.1  ; +43 32 00   ;DN;SU;21.10; 0.086000;500.01;315.24
J1556-0804  ; 15 56 31.0  ; -08 04 40   ;DN;SU;19.90; 0.086000;1029.24;204.95
J2203+3056  ; 22 03 28.2  ; +30 56 37   ;DN;SU;20.10; 0.086000;767.61;493.07
DV UMa      ; 09 46 36.7  ; +44 46 45   ;DN;SU;18.30; 0.085853;384.47; 51.59
V452 Cas    ; 00 52 18.1  ; +53 51 50   ;DN;SU;20.00; 0.085700;856.15;170.63
V713 Cep    ; 20 46 38.7  ; +60 38 04   ;DN;SU;18.00; 0.085418;344.82; 19.25
NGC 6656-CV2; 18 36 02.7  ; -23 55 25   ;DN;SU;19.20; 0.085200;   nan;   nan
J0841+2100  ; 08 41 27.4  ; +21 00 54   ;DN;SU;20.60; 0.085000;   nan;   nan
J1639+1224  ; 16 39 42.7  ; +12 24 14   ;DN;SU;20.50; 0.085000;1240.09;1084.36
J1805-2743  ; 18 05 07.1  ; -27 43 09   ;DN;  ;17.60; 0.085000;11299.16;30218.17
J2126+2019  ; 21 26 25.1  ; +20 19 46   ;DN;SU;20.00; 0.085000;1122.02;429.17
J0519+1554  ; 05 19 22.9  ; +15 54 35   ;DN;  ;19.40; 0.084900;630.50; 40.02
J2031-0005  ; 20 31 37.6  ; -00 05 12   ;NL;AM;0.00; 0.084810;596.30;218.18
J0328+0522  ; 03 28 55.0  ; +05 22 54   ;NL;AM;18.00; 0.084700;566.54;184.11
KK Tel      ; 20 28 38.5  ; -52 18 45   ;DN;SU;19.20; 0.084500;580.19;120.21
NSV 5285    ; 11 39 50.6  ; +45 58 18   ;DN;SU;20.00; 0.084500;529.31;136.85
J1417-1803  ; 14 17 12.0  ; -18 03 28   ;DN;  ;19.70; 0.084500;437.38;177.27
TY PsA      ; 22 49 39.9  ; -27 06 54   ;DN;SU;15.90; 0.084230;184.14;  2.22
BF Ara      ; 17 38 21.3  ; -47 10 41   ;DN;SU;16.00; 0.084180;492.65; 54.87
V516 Lyr    ; 19 20 35.7  ; +37 44 52   ;DN;SU;20.50; 0.084000;   nan;   nan
EF Peg      ; 21 15 04.1  ; +14 03 49   ;DN;SU;18.50; 0.083700;254.85; 29.38
J1730+0338  ; 17 30 06.5  ; +03 38 20   ;NL;AM;16.50; 0.083478;491.49; 79.68
QU Aqr      ; 21 00 14.1  ; +00 44 46   ;DN;SU;18.80; 0.083304;941.70;113.06
V1007 Her   ; 17 24 06.3  ; +41 14 09   ;NL;AM;17.60; 0.083284;461.50; 45.86
QZ Ser      ; 15 56 54.5  ; +21 07 20   ;DN;SU;15.70; 0.083161;321.81;  9.80
MT Com      ; 12 55 10.7  ; +26 42 26   ;DN;ZZ;17.20; 0.083000;393.79; 66.33
J1748+5050  ; 17 48 27.9  ; +50 50 40   ;DN;SU;19.90; 0.083000;739.45;137.30
J1753-6417  ; 17 53 51.3  ; -64 17 40   ;DN;SU;20.80; 0.083000;1649.12;2818.04
J2320+4443  ; 23 20 22.4  ; +44 43 31   ;DN;SU;21.00; 0.083000;   nan;   nan
J2258-0949  ; 22 58 31.2  ; -09 49 32   ;DN;SU;15.60; 0.082900;296.42;  4.94
BG Ari      ; 01 51 51.9  ; +14 00 47   ;DN;SU;20.30; 0.082420;665.18;291.55
HV Aur      ; 04 53 16.8  ; +38 16 29   ;DN;SU;19.00; 0.082400;593.04;118.74
V364 Peg    ; 21 12 29.7  ; +12 32 04   ;DN;SU;19.00; 0.082200;1695.61;1676.28
TU Crt      ; 11 03 36.5  ; -21 37 46   ;DN;SU;17.50; 0.082090;310.57; 13.62
V369 Peg    ; 23 03 41.8  ; +17 17 56   ;DN;SU;18.20; 0.082000;1480.39;2011.22
J1013+4558  ; 10 13 23.6  ; +45 58 59   ;DN;SU;18.50; 0.082000;707.16;187.43
J1459+3548  ; 14 59 21.8  ; +35 48 05   ;DN;SU;21.60; 0.082000;   nan;   nan
J1850+4044  ; 18 50 50.6  ; +40 44 06   ;DN;SU;18.10; 0.082000;2332.96;501.22
RX Cha      ; 10 36 26.3  ; -80 02 48   ;DN;SU;22.00; 0.081800;436.84;136.40
KP Cas      ; 00 38 54.8  ; +61 13 00   ;DN;SU;18.00; 0.081400;557.20; 80.81
J0711+4404  ; 07 11 26.0  ; +44 04 05   ;NL;AM;14.40; 0.081377;216.37;  5.25
V1974 Cyg   ; 20 30 31.7  ; +52 37 51   ;Na;SH;16.90; 0.081260;1620.73;180.45
V1032 Oph   ; 16 26 09.7  ; -03 53 25   ;DN;SU;18.00; 0.081056;425.00; 17.59
J1324-6512  ; 13 24 01.6  ; -65 12 20   ;DN;SU;19.80; 0.081000;   nan;   nan
J1940-4724  ; 19 40 37.6  ; -47 24 49   ;DN;  ;17.00; 0.081000;349.38;  7.30
J1040-6233  ; 10 40 14.3  ; -62 33 18   ;DN;SU;22.10; 0.080919;   nan;   nan
V877 Ara    ; 17 16 53.9  ; -65 32 52   ;DN;SU;20.30; 0.080900;990.14;437.46
J1504+0847  ; 15 04 41.8  ; +08 47 53   ;DN;SU;19.10; 0.080900;1024.32;323.68
V1237 Her   ; 17 00 53.3  ; +40 03 58   ;NL;AM;0.00; 0.080802;530.04; 32.05
CP Dra      ; 10 15 39.8  ; +73 26 05   ;DN;SU;20.00; 0.080800;876.83;354.34
J0810+0024  ; 08 10 30.6  ; +00 24 29   ;NL;AM;16.50; 0.080660;415.70;372.88
AR UMa      ; 11 15 44.7  ; +42 58 23   ;NL;AM;13.30; 0.080501;101.31;  1.26
AR Pic      ; 05 49 45.4  ; -49 21 56   ;DN;SU;16.50; 0.080220;318.68;  8.01
WW Hor      ; 02 36 11.5  ; -52 19 14   ;NL;AM;17.60; 0.080199;325.66; 30.90
J0912+6209  ; 09 12 42.2  ; +62 09 40   ;DN;SU;18.80; 0.080100;298.12; 34.33
V493 Ser    ; 15 56 44.3  ; -00 09 51   ;DN;SU;17.80; 0.080100;308.66; 20.15
J0008+7731  ; 00 08 20.4  ; +77 31 19   ;DN;SU;20.80; 0.080000;   nan;   nan
J0851+3444  ; 08 51 13.4  ; +34 44 49   ;DN;SU;20.20; 0.080000;611.77;178.27
J1026+1920  ; 10 26 16.1  ; +19 20 45   ;DN;SU;20.10; 0.080000;1139.13;1131.69
J1444-1311  ; 14 44 53.0  ; -13 11 18   ;DN;SU;20.30; 0.080000;426.54;159.51
J1751+3521  ; 17 51 30.2  ; +35 21 23   ;DN;SU;20.00; 0.080000;1619.52;2009.48
J2102+0258  ; 21 02 05.7  ; +02 58 34   ;DN;SU;21.00; 0.080000;   nan;   nan
J2216+7054  ; 22 16 21.9  ; +70 54 16   ;DN;SU;20.60; 0.080000;357.57;106.50
J2311+2040  ; 23 11 42.8  ; +20 40 36   ;DN;SU;20.50; 0.080000;-3691.68;12283.55
AN UMa      ; 11 04 25.7  ; +45 03 15   ;NL;AM;14.50; 0.079753;   nan;   nan
J0000+3325  ; 00 00 24.6  ; +33 25 43   ;DN;SU;20.28; 0.079700;-407.85;327.50
J0002+4242  ; 00 02 22.3  ; +42 42 14   ;DN;SU;19.30; 0.079650;442.30; 44.07
EK UMa      ; 10 51 35.2  ; +54 04 36   ;NL;AM;0.00; 0.079544;723.96;140.38
RS Car      ; 11 08 05.8  ; -61 56 09   ;N ;SH;18.50; 0.079500;7707.70;8198.65
V728 CrA    ; 17 59 16.5  ; -42 35 07   ;DN;SU;18.30; 0.079500;582.37; 36.13
BR Lup      ; 15 35 53.1  ; -40 34 05   ;DN;SU;18.40; 0.079500;625.78; 70.26
AC LMi      ; 10 19 47.3  ; +33 57 54   ;DN;  ;17.50; 0.079200;732.21;136.04
J1821+2121  ; 18 21 42.8  ; +21 21 54   ;DN;SU;20.30; 0.079200;493.40; 69.52
J0357+1029  ; 03 57 58.6  ; +10 29 42   ;NL;AM;19.20; 0.079181;923.72;138.71
ST LMi      ; 11 05 39.8  ; +25 06 29   ;NL;AM;13.70; 0.079089;113.20;  1.08
J0006-6900  ; 00 06 33.4  ; -69 00 34   ;DN;  ;15.00; 0.079000;246.85;  1.63
J0045+5032  ; 00 45 27.5  ; +50 32 16   ;DN;SU;19.70; 0.079000;303.75; 29.21
J0334-0710  ; 03 34 49.9  ; -07 10 48   ;DN;SU;18.00; 0.079000;428.83; 55.11
J0946-0056  ; 09 46 06.9  ; -00 56 01   ;DN;SU;20.40; 0.079000;794.23;422.80
J1312-4218  ; 13 12 13.5  ; -42 18 09   ;DN;SU;22.70; 0.079000;-2973.79;10829.43
J1736+0716  ; 17 36 15.1  ; +07 16 56   ;DN;SU;22.50; 0.079000;   nan;   nan
BL Hyi      ; 01 41 00.3  ; -67 53 28   ;NL;AM;14.30; 0.078915;130.78;  1.25
J1642+1347  ; 16 42 48.5  ; +13 47 51   ;DN;  ;18.50; 0.078900;539.12; 33.56
V489 Ser    ; 15 55 32.0  ; -00 10 55   ;DN;  ;19.30; 0.078850;626.44;117.38
J0211+1716  ; 02 11 10.2  ; +17 16 24   ;DN;SU;19.20; 0.078800;850.83;409.07
MR Ser      ; 15 52 47.2  ; +18 56 28   ;NL;AM;14.90; 0.078798;131.76;  0.84
NSV 14652   ; 23 38 48.7  ; +28 19 55   ;DN;SU;18.00; 0.078700;627.00; 87.55
FR Lyn      ; 08 54 14.0  ; +39 05 37   ;NL;AM;16.40; 0.078650;549.82;113.56
AX For      ; 02 19 28.0  ; -30 45 46   ;DN;SU;18.70; 0.078500;336.35; 19.87
V884 Her    ; 18 02 06.5  ; +18 04 43   ;NL;AM;14.50; 0.078480;115.09;  0.32
V2301 Oph   ; 18 00 35.6  ; +08 10 13   ;NL;AM;16.10; 0.078450;121.30;  1.21
BZ Cir      ; 14 54 15.2  ; -68 16 19   ;DN;SU;18.20; 0.078400;462.14; 15.91
V660 Her    ; 17 42 09.2  ; +23 48 31   ;DN;SU;19.00; 0.078260;795.85;103.07
J1039-6245  ; 10 39 57.0  ; -62 45 18   ;DN;SU;18.00; 0.078218;-5384.75;7348.17
PV Per      ; 02 42 53.5  ; +38 04 04   ;DN;SU;19.80; 0.078100;1420.28;744.62
CU Vel      ; 08 58 32.9  ; -41 47 51   ;DN;SU;17.00; 0.078054;159.08;  1.57
J0634+4120  ; 06 34 38.0  ; +41 20 47   ;DN;SU;20.70; 0.078000;   nan;   nan
J0800+1924  ; 08 00 33.9  ; +19 24 16   ;DN;SU;20.10; 0.078000;684.01;145.59
J1027-4343  ; 10 27 05.8  ; -43 43 41   ;DN;SU;19.50; 0.078000;699.01;125.63
V359 Cen    ; 11 58 15.3  ; -41 46 10   ;N?;DN;18.70; 0.077900;371.85; 31.63
PU UMa      ; 09 01 03.9  ; +48 09 11   ;DN;SU;18.70; 0.077881;546.70;165.25
TY Vul      ; 20 41 44.0  ; +25 35 11   ;DN;SU;19.00; 0.077800;999.08;453.04
V503 Cyg    ; 20 27 17.4  ; +43 41 23   ;DN;SU;17.00; 0.077759;440.27; 17.11
J1126-1002  ; 11 26 34.0  ; -10 02 10   ;DN;  ;18.50; 0.077447;548.41;128.06
DH Aql      ; 19 26 10.8  ; -10 15 29   ;DN;SU;18.30; 0.077400;281.49; 15.37
J1244+3004  ; 12 44 17.9  ; +30 04 01   ;DN;SU;20.50; 0.077400;620.83;190.85
J0406+0052  ; 04 06 59.8  ; +00 52 44   ;DN;SU;18.40; 0.077300;561.16; 62.94
CD Ind      ; 21 15 41.0  ; -58 40 54   ;NL;AM;16.00; 0.077006;244.07;  5.79
AB Nor      ; 15 49 15.5  ; -43 04 49   ;DN;SU;18.70; 0.077000;448.33;148.23
V344 Pav    ; 19 16 09.7  ; -62 35 53   ;DN;SU;19.40; 0.077000;1184.87;1115.48
J0021-5719  ; 00 21 30.9  ; -57 19 22   ;DN;SU;17.80; 0.077000;649.04; 41.63
J0726+8332  ; 07 26 37.2  ; +83 32 19   ;DN;SU;20.80; 0.077000;664.93;198.21
J0732+4130  ; 07 32 08.1  ; +41 30 09   ;DN;SU;20.40; 0.077000;   nan;   nan
J1052-0643  ; 10 52 15.3  ; -06 43 26   ;DN;SU;20.10; 0.077000;5866.94;11389.58
J1527+6327  ; 15 27 55.1  ; +63 27 54   ;DN;SU;18.90; 0.077000;571.79; 71.09
J1926-6526  ; 19 26 08.9  ; -65 26 21   ;DN;SU;17.70; 0.077000;   nan;   nan
J2343-5852  ; 23 43 38.2  ; -58 52 47   ;DN;SU;19.60; 0.077000;1727.75;1539.64
HS Vir      ; 13 43 38.4  ; -08 14 03   ;DN;SU;15.50; 0.076900;352.51;  6.95
J0254+2244  ; 02 54 43.7  ; +22 44 02   ;DN;SU;17.30; 0.076819;294.09;  9.03
HY Psc      ; 23 03 51.7  ; +01 06 52   ;DN;SU;17.30; 0.076700;625.88;145.41
V630 Cyg    ; 21 34 59.2  ; +40 40 19   ;DN;SU;17.20; 0.076600;449.48; 65.48
J1730+6247  ; 17 30 08.3  ; +62 47 55   ;DN;SU;15.90; 0.076600;536.54; 10.87
V1113 Cyg   ; 19 22 42.1  ; +52 44 00   ;DN;SU;18.60; 0.076500;1534.44;829.34
AW Gem      ; 07 22 40.6  ; +28 30 16   ;DN;SU;18.80; 0.076500;468.86; 64.05
J1751-2933#2; 17 51 33.6  ; -29 33 13   ;NL;AM;14.40; 0.076400;-3751.54;3166.66
SU UMa      ; 08 12 28.2  ; +62 36 23   ;DN;SU;14.20; 0.076350;220.52;  1.39
T  Pyx      ; 09 04 41.5  ; -32 22 47   ;Nr;SS;15.10; 0.076223;3277.41;449.54
QY Per      ; 03 15 36.8  ; +42 28 14   ;DN;SU;21.00; 0.076100;4059.82;18770.37
RZ Leo      ; 11 37 22.3  ; +01 48 58   ;DN;SU;18.50; 0.076038;281.27; 19.89
V368 Per    ; 02 47 32.6  ; +34 58 28   ;DN;SU;20.70; 0.076000;-781.79;847.52
J1900-4930  ; 19 00 05.3  ; -49 30 34   ;DN;SU;20.00; 0.076000;1945.73;2225.15
V893 Sco    ; 16 15 15.1  ; -28 37 31   ;DN;SU;14.00; 0.075961;124.13;  0.80
EG Aqr      ; 23 25 19.2  ; -08 18 19   ;DN;SU;18.30; 0.075960;337.81; 42.79
WY Tri      ; 02 25 00.5  ; +32 59 56   ;DN;SU;19.10; 0.075900;490.39; 32.20
J1222-3115  ; 12 22 21.7  ; -31 15 23   ;DN;SU;19.00; 0.075879;234.95; 19.97
TT Boo      ; 14 57 44.7  ; +40 43 42   ;DN;SU;19.20; 0.075600;678.69; 91.03
J0812+1318  ; 08 12 07.6  ; +13 18 24   ;DN;SU;19.30; 0.075600;1831.52;2426.89
J1626-1255  ; 16 26 19.9  ; -12 55 56   ;DN;  ;20.10; 0.075460;728.90;610.77
CE Gru      ; 21 37 56.4  ; -43 42 13   ;NL;AM;18.00; 0.075400;   nan;   nan
V342 Cam    ; 04 23 32.9  ; +74 52 50   ;DN;SU;17.50; 0.075310;283.73;  8.84
J0839+2828  ; 08 39 31.4  ; +28 28 24   ;DN;SU;20.20; 0.075300;508.49;288.80
J2158+0947  ; 21 58 15.3  ; +09 47 10   ;DN;SU;16.80; 0.075200;270.24; 11.70
J1005+1911  ; 10 05 15.4  ; +19 11 08   ;DN;SU;18.20; 0.075100;389.50; 36.70
J0741-0945  ; 07 41 12.7  ; -09 45 56   ;DN;SU;19.30; 0.075000;498.31; 64.00
J1545+4428  ; 15 45 44.9  ; +44 28 30   ;DN;SU;20.90; 0.075000;-4066.34;14603.17
J1821+1709  ; 18 21 13.9  ; +17 09 16   ;DN;SU;18.80; 0.075000;422.58; 96.35
J1915+4036  ; 19 15 11.8  ; +40 36 26   ;DN;SU;23.00; 0.075000;2152.86; 88.06
J2118-3413  ; 21 18 04.3  ; -34 13 43   ;DN;  ;15.50; 0.075000;268.80;  4.54
FT Cam      ; 03 21 14.4  ; +61 05 27   ;DN;SU;17.50; 0.074990;249.14;  5.31
BK Lyn      ; 09 20 11.2  ; +33 56 42   ;DN;ER;16.00; 0.074980;505.04; 17.71
J0814-0050  ; 08 14 18.9  ; -00 50 22   ;DN;SU;19.10; 0.074850;536.01; 58.48
WX Hyi      ; 02 09 50.7  ; -63 18 40   ;DN;SU;14.70; 0.074813;234.01;  1.59
LY Hya      ; 13 31 53.8  ; -29 40 59   ;DN;SU;17.40; 0.074800;318.61; 16.69
J0501+2038  ; 05 01 24.1  ; +20 38 18   ;DN;  ;19.10; 0.074800;542.37; 61.97
BE Oct      ; 00 00 48.8  ; -77 18 57   ;DN;SU;20.40; 0.074700;1695.52;528.11
QT Aqr      ; 20 59 14.9  ; -06 12 20   ;DN;  ;18.40; 0.074700;2497.72;2268.40
J1922+4309  ; 19 22 54.9  ; +43 09 05   ;DN;SU;17.60; 0.074606;1350.03;127.86
AY For      ; 02 42 34.8  ; -28 02 44   ;DN;SU;18.40; 0.074600;479.38; 54.42
QW Ser      ; 15 26 14.0  ; +08 18 02   ;DN;SU;18.00; 0.074572;376.69; 37.11
Z  Cha      ; 08 07 28.2  ; -76 32 01   ;DN;SU;15.50; 0.074499;1414.70;519.47
J2344-0012  ; 23 44 40.5  ; -00 12 06   ;DN;SU;21.00; 0.074400;1115.71;1046.63
J1002-1925  ; 10 02 11.7  ; -19 25 38   ;NL;AM;17.00; 0.074300;813.16; 83.84
J1858+4914  ; 18 58 30.9  ; +49 14 33   ;DN;SU;16.50; 0.074300;258.77;  3.02
VW Hyi      ; 04 09 11.3  ; -71 17 41   ;DN;SU;13.40; 0.074271; 53.96;  0.06
V663 Ara    ; 16 46 57.7  ; -55 41 21   ;DN;SU;0.00; 0.074100;1302.55;1143.33
V1316 Cyg   ; 20 12 13.6  ; +42 45 52   ;DN;SU;17.50; 0.074000;661.40; 59.54
NY Her      ; 17 52 52.6  ; +29 22 19   ;DN;SU;18.20; 0.074000;1786.11;300.40
J0819+1915  ; 08 19 36.1  ; +19 15 40   ;DN;SU;20.50; 0.074000;-1922.86;4002.64
J1649+0358  ; 16 49 50.4  ; +03 58 35   ;DN;SU;19.30; 0.074000;428.62; 47.54
IY UMa      ; 10 43 57.0  ; +58 07 33   ;DN;SU;17.30; 0.073909;1942.97;1350.65
J1413-6517  ; 14 13 32.9  ; -65 17 57   ;NL;AM;22.50; 0.073810;3840.29;7051.59
V1251 Cyg   ; 21 40 54.4  ; +48 39 43   ;DN;SU;19.00; 0.073700;447.79;116.75
AY Lyr      ; 18 44 26.7  ; +37 59 52   ;DN;SU;18.50; 0.073700;451.23; 26.83
HT Cas      ; 01 10 13.0  ; +60 04 36   ;DN;SU;16.40; 0.073647;141.40;  1.25
CC Cnc      ; 08 36 19.2  ; +21 21 05   ;DN;SU;17.40; 0.073520;526.54; 70.22
DM Dra      ; 15 34 12.1  ; +59 48 32   ;DN;SU;20.80; 0.073500;576.15;141.19
J1751-2927  ; 17 51 33.9  ; -29 27 54   ;NL;AM;20.50; 0.073400;888.31;439.94
VZ Pyx      ; 08 59 19.9  ; -24 28 55   ;DN;SU;15.50; 0.073320;251.52;  2.64
KV And      ; 02 17 13.8  ; +40 41 31   ;DN;SU;19.50; 0.073300;576.49;312.88
IL Vul      ; 20 38 32.7  ; +22 42 17   ;DN;SU;20.00; 0.073000;336.75;130.08
J1110-2337  ; 11 10 46.2  ; -23 37 45   ;DN;SU;20.70; 0.073000;1514.89;3632.43
J1343-4426  ; 13 43 37.2  ; -44 26 42   ;DN;SU;19.20; 0.073000;555.57; 97.79
J2056-3014  ; 20 56 52.1  ; -30 14 38   ;DN;IP;15.20; 0.073000;263.04;  7.43
OU Vir      ; 14 35 00.1  ; -00 46 07   ;DN;SU;17.50; 0.072730;533.74;112.70
DT Oct      ; 18 40 52.6  ; -83 43 10   ;DN;SU;17.10; 0.072707;281.66;  3.53
J0803+2848  ; 08 03 07.0  ; +28 48 56   ;DN;SU;20.60; 0.072700;497.79;151.16
EP Dra      ; 19 07 06.1  ; +69 08 42   ;NL;AM;17.00; 0.072656;386.54; 11.98
AW Sge      ; 19 58 37.1  ; +16 41 29   ;DN;SU;19.30; 0.072400;665.68;149.15
TU Tri      ; 01 39 15.3  ; +31 24 19   ;DN;SU;18.50; 0.072400;851.50;110.23
NGC 104-W21 ; 00 24 07.6  ; -72 05 27   ;CV;  ;20.90; 0.072230;7767.02;5297.56
J0953+1458  ; 09 53 08.1  ; +14 58 36   ;NL;AM;17.30; 0.072049;449.63; 51.70
V1047 Aql   ; 19 51 31.1  ; +10 57 22   ;DN;SU;18.30; 0.072000;1550.71;291.92
BB Ari      ; 02 44 57.7  ; +27 31 09   ;DN;SU;16.00; 0.072000;353.18; 23.12
QV Aqr      ; 21 04 50.0  ; +01 05 46   ;DN;SU;20.50; 0.071960;-1000.67;1261.92
J1754-3526  ; 17 54 16.2  ; -35 26 40   ;DN;SU;17.00; 0.071931;266.03; 11.65
NN Cam      ; 04 12 36.9  ; +69 29 06   ;DN;SU;17.20; 0.071700;383.00; 21.14
DN Dra      ; 18 42 28.1  ; +48 37 42   ;DN;SU;21.00; 0.071680;662.27;244.29
FO And      ; 01 15 32.1  ; +37 37 36   ;DN;SU;17.50; 0.071610;599.12; 55.70
J0150+3756  ; 01 50 16.2  ; +37 56 19   ;DN;SU;19.10; 0.071500;665.92; 72.98
GD 552      ; 22 50 39.9  ; +63 28 38   ;DN;WZ;16.30; 0.071340;3329.65;2447.12
FQ Mon      ; 07 16 41.2  ; -06 56 49   ;DN;SU;21.70; 0.071300;-4376.64;4551.74
VW CrB      ; 16 00 03.8  ; +33 11 15   ;DN;SU;19.60; 0.071000;1169.33;630.03
NSV 1436    ; 04 02 39.0  ; +42 50 45   ;DN;SU;16.20; 0.071000;251.04;  4.62
J0115+2455  ; 01 15 16.5  ; +24 55 30   ;DN;SU;21.20; 0.071000;815.37;440.92
J0150+3326  ; 01 50 51.5  ; +33 26 22   ;DN;SU;18.20; 0.071000;654.68; 69.41
J0512+4505  ; 05 12 34.6  ; +45 05 12   ;DN;SU;20.60; 0.071000;1460.10;1474.88
J0803+2516  ; 08 03 03.9  ; +25 16 27   ;DN;SU;19.60; 0.071000;986.23;392.70
J1600+7050  ; 16 00 20.6  ; +70 50 07   ;DN;SU;19.20; 0.071000;554.87; 64.09
J1723+1757  ; 17 23 06.3  ; +17 57 56   ;DN;SU;20.50; 0.071000;859.71;1122.10
J2305+6521  ; 23 05 38.4  ; +65 21 59   ;DN;SU;19.40; 0.071000;617.13; 88.05
RS Cae      ; 04 53 25.5  ; -42 13 40   ;NL;AM;18.40; 0.070900;2039.23;2004.24
V834 Cen    ; 14 09 07.5  ; -45 17 17   ;NL;AM;14.20; 0.070498;112.39;  2.61
J0221-2619  ; 02 21 37.9  ; -26 19 52   ;DN;  ;19.00; 0.070490;889.21;280.87
J0838+4910  ; 08 38 45.2  ; +49 10 56   ;DN;SU;19.60; 0.070300;766.75;134.18
J1443-1755  ; 14 43 41.9  ; -17 55 49   ;DN;SU;20.00; 0.070200;593.17;149.46
J0345-0152  ; 03 45 15.4  ; -01 52 16   ;DN;  ;18.70; 0.070180;382.45; 54.67
V379 Tel    ; 19 28 32.5  ; -50 01 35   ;NL;AM;0.00; 0.070162;2367.08;1577.41
V2779 Oph   ; 18 08 35.8  ; +10 10 30   ;DN;SU;18.00; 0.070037;285.53;  5.91
V2527 Oph   ; 17 22 04.4  ; -19 49 09   ;DN;SU;19.00; 0.070000;327.87; 19.59
J0015+2636  ; 00 15 38.2  ; +26 36 57   ;DN;SU;17.90; 0.070000;609.13; 69.20
J0042-5609  ; 00 42 14.2  ; -56 09 20   ;DN;SU;18.70; 0.070000;621.16; 43.73
J0213+4606  ; 02 13 17.2  ; +46 06 43   ;DN;SU;18.50; 0.070000;1297.28;2168.54
J0316+1758  ; 03 16 00.1  ; +17 58 24   ;DN;SU;22.20; 0.070000;   nan;   nan
J0513-2619  ; 05 13 06.6  ; -26 19 52   ;DN;SU;10.90; 0.070000;401.37; 80.02
J1057-2156  ; 10 57 49.8  ; -21 56 58   ;DN;  ;17.50; 0.070000;657.22; 64.86
J1927-4847  ; 19 27 10.1  ; -48 47 52   ;DN;SU;17.10; 0.070000;467.53;101.50
J2027-2240  ; 20 27 31.2  ; -22 40 01   ;DN;SU;18.60; 0.070000;339.56; 18.62
J2349-6054  ; 23 49 55.1  ; -60 54 17   ;DN;SU;19.90; 0.070000;828.58;158.55
VV Pup      ; 08 15 06.7  ; -19 03 17   ;NL;AM;13.20; 0.069747;136.99;  0.87
CY UMa      ; 10 56 57.1  ; +49 41 19   ;DN;SU;17.00; 0.069570;314.06; 13.33
V1504 Cyg   ; 19 28 56.5  ; +43 05 37   ;DN;SU;17.40; 0.069500;527.08; 13.30
J1914+6052  ; 19 14 43.5  ; +60 52 14   ;DN;SU;21.00; 0.069500;-495.75;449.03
RU Hor      ; 02 46 07.5  ; -63 35 47   ;DN;SU;17.50; 0.069200;580.34;149.27
EG Lyn      ; 08 20 51.0  ; +49 34 31   ;NL;AM;18.00; 0.069010;1011.15;679.42
CF Gru      ; 21 41 23.0  ; -45 04 31   ;DN;UG;19.90; 0.069000;871.28;313.56
V544 Her    ; 16 38 05.4  ; +08 37 58   ;DN;UG;20.10; 0.069000;1549.91;743.20
J1120+6636  ; 11 20 03.4  ; +66 36 32   ;DN;SU;21.10; 0.069000;   nan;   nan
J1344+2044  ; 13 44 41.8  ; +20 44 08   ;NL;AM;17.20; 0.069000;590.45; 65.64
J1359-3752  ; 13 59 17.5  ; -37 52 42   ;DN;SU;19.60; 0.069000;1164.04;676.35
J1628+2402  ; 16 28 30.9  ; +24 02 59   ;DN;SU;20.00; 0.069000;595.39;204.74
J2313+2337  ; 23 13 08.1  ; +23 37 02   ;DN;SU;20.20; 0.069000;785.62;259.67
J1132+6249  ; 11 32 15.5  ; +62 49 01   ;DN;  ;18.40; 0.068900;991.37;182.18
V1208 Tau   ; 04 59 44.0  ; +19 26 23   ;DN;SU;18.40; 0.068700;554.96;109.97
V393 Pav    ; 19 57 11.5  ; -57 38 22   ;NL;AM;18.00; 0.068625;283.10; 17.35
V368 Peg    ; 22 58 43.5  ; +11 09 12   ;DN;SU;17.70; 0.068600;536.45;110.01
J1216+0520  ; 12 16 07.0  ; +05 20 14   ;DN;  ;20.10; 0.068600;380.56;138.52
V337 Cyg    ; 19 59 52.9  ; +39 14 00   ;DN;SU;20.00; 0.068500;584.15;179.17
V699 Oph    ; 16 25 14.8  ; -04 40 26   ;DN;SU;16.50; 0.068500;630.19; 28.08
J1509+4650  ; 15 09 03.7  ; +46 50 57   ;DN;SU;21.00; 0.068440;1310.76;1972.60
IR Gem      ; 06 47 34.6  ; +28 06 23   ;DN;SU;16.30; 0.068400;266.11;  5.79
TY Psc      ; 01 25 39.4  ; +32 23 10   ;DN;SU;16.00; 0.068330;260.79;  6.59
J1715+6856  ; 17 15 41.8  ; +68 56 43   ;DN;SU;18.30; 0.068300;723.72; 76.59
RZ Sge      ; 20 03 18.5  ; +17 02 53   ;DN;SU;16.90; 0.068280;   nan;   nan
EX Hya      ; 12 52 24.4  ; -29 14 57   ;NL;IP;12.00; 0.068234; 56.95;  0.13
HS Cam      ; 07 19 14.5  ; +65 57 45   ;NL;AM;17.00; 0.068207;457.60; 64.99
J1823-3021#2; 18 23 40.8  ; -30 21 35   ;CV;GC;22.00; 0.068170;   nan;   nan
V458 Vul    ; 19 54 24.6  ; +20 52 52   ;Na;  ;14.60; 0.068126;5483.27;4136.69
J0446-7122  ; 04 46 50.0  ; -71 22 56   ;DN;SU;17.70; 0.068106;343.72; 22.50
J2243+0809  ; 22 43 48.5  ; +08 09 27   ;DN;SU;19.00; 0.068100;396.63; 54.17
J0558+0006  ; 05 58 42.8  ; +00 06 26   ;DN;  ;20.50; 0.068080;1620.64;965.48
J1658+1847  ; 16 58 37.7  ; +18 47 27   ;DN;  ;17.50; 0.068064;405.51; 59.67
KS UMa      ; 10 20 26.5  ; +53 04 33   ;DN;SU;17.00; 0.068000;368.65; 15.20
J0632-5638  ; 06 32 27.7  ; -56 38 53   ;DN;SU;19.60; 0.068000;588.61;109.23
J1117+7651  ; 11 17 59.7  ; +76 51 31   ;DN;SU;21.20; 0.068000;   nan;   nan
J1810-5349  ; 18 10 33.8  ; -53 49 46   ;DN;SU;20.70; 0.068000;1225.31;1943.71
BZ UMa      ; 08 53 44.1  ; +57 48 41   ;DN;SU;16.00; 0.067990;152.51;  1.48
NSV 4838    ; 10 23 20.2  ; +44 05 09   ;DN;SU;18.80; 0.067900;638.08;122.14
SS UMi      ; 15 51 22.2  ; +71 45 12   ;DN;SU;16.70; 0.067800;529.92; 13.94
NGC 104-W34 ; 00 24 05.1  ; -72 04 47   ;CV;  ;22.80; 0.067670;1786.17;343.24
J1653-4144  ; 16 53 34.4  ; -41 44 23   ;NL;AM;0.00; 0.067650;   nan;   nan
J1152+4049  ; 11 52 07.0  ; +40 49 48   ;DN;SU;19.30; 0.067600;756.61;391.29
LW Cam      ; 07 04 09.9  ; +62 03 28   ;NL;AM;17.20; 0.067547;541.50; 40.51
V550 Cyg    ; 20 05 05.2  ; +32 21 21   ;DN;SU;19.50; 0.067500;370.39;155.24
J0506+3547  ; 05 06 17.4  ; +35 47 39   ;DN;SU;20.50; 0.067500;962.13;1022.73
V2690 Oph   ; 16 37 22.2  ; -00 19 57   ;DN;SU;21.40; 0.067390;1482.92;1478.66
V1229 Her   ; 16 56 58.1  ; +21 21 39   ;CV;DN;18.50; 0.067300;526.85; 42.83
V701 Tau    ; 03 44 01.9  ; +21 57 08   ;DN;SU;19.50; 0.067300;1235.14;1787.69
J2154+1557  ; 21 54 27.2  ; +15 57 13   ;CV;DN;20.90; 0.067294;956.13;134.85
SX LMi      ; 10 54 30.4  ; +30 06 10   ;DN;SU;17.40; 0.067200;324.52; 12.21
V1240 Her   ; 17 02 44.1  ; +22 35 48   ;  ;  ;17.30; 0.067000;9236.25;17547.47
PU Per      ; 02 42 16.1  ; +35 40 46   ;DN;SU;20.00; 0.067000;   nan;   nan
V1324 Sco   ; 17 50 53.9  ; -32 37 20   ;Nb;  ;19.00; 0.067000;   nan;   nan
J1026+4754  ; 10 26 37.0  ; +47 54 27   ;DN;SU;20.10; 0.067000;546.70;193.52
J1146+6759  ; 11 46 28.8  ; +67 59 10   ;DN;SU;18.80; 0.067000;690.02; 75.30
J1628+0653  ; 16 28 06.2  ; +06 53 15   ;DN;SU;20.60; 0.067000;691.18;536.06
J1925+6851  ; 19 25 14.5  ; +68 51 22   ;DN;SU;17.90; 0.067000;433.91; 37.21
J2035+0920  ; 20 35 09.8  ; +09 20 47   ;DN;SU;20.70; 0.067000;3784.88;6569.22
J2253+3330  ; 22 53 50.5  ; +33 30 33   ;DN;SU;20.50; 0.067000;938.91;623.38
BS Tri      ; 02 09 29.8  ; +28 32 29   ;NL;AM;17.00; 0.066855;272.67; 10.02
BC Dor      ; 05 46 15.0  ; -68 35 24   ;DN;NS;18.40; 0.066800;380.58; 22.77
J0333+3320  ; 03 33 52.8  ; +33 20 45   ;DN;SU;18.00; 0.066600;256.82; 16.39
IX Dra      ; 18 12 31.4  ; +67 04 46   ;DN;SU;17.50; 0.066460;789.89; 37.46
J0932+4725  ; 09 32 49.6  ; +47 25 23   ;DN;SU;18.50; 0.066303;827.60;226.09
HP Cet      ; 02 33 22.6  ; +00 51 00   ;NL;LI;18.70; 0.066280;600.03;270.06
J2158+2419  ; 21 58 18.5  ; +24 19 24   ;DN;SU;18.90; 0.066070;432.78;128.60
J0431-0314  ; 04 31 12.4  ; -03 14 52   ;DN;SU;18.90; 0.066050;1150.56;1085.99
V551 Sgr    ; 18 00 56.5  ; -34 35 45   ;DN;SU;19.50; 0.066000;1018.27;1901.04
FL Lyn      ; 08 24 09.7  ; +49 31 24   ;DN;SU;19.30; 0.066000;2585.95;5675.17
J0416+2928  ; 04 16 36.9  ; +29 28 06   ;DN;SU;20.00; 0.066000;   nan;   nan
J0647+4915  ; 06 47 25.7  ; +49 15 43   ;DN;SU;19.00; 0.066000;268.34; 11.05
J0746-0746  ; 07 46 35.1  ; -07 46 33   ;DN;SU;18.50; 0.066000;925.71;220.95
J1100+1315  ; 11 00 14.7  ; +13 15 52   ;DN;SU;18.70; 0.066000;460.07; 61.90
J1642-2313  ; 16 42 13.2  ; -23 13 13   ;DN;SU;18.30; 0.066000;386.51; 23.12
J2218+6542  ; 22 18 11.0  ; +65 42 20   ;DN;SU;20.50; 0.066000;367.35; 47.01
J0116+0922  ; 01 16 13.8  ; +09 22 16   ;DN;  ;18.90; 0.065820;1305.16;516.00
GO Com      ; 12 56 37.1  ; +26 36 44   ;DN;SU;20.00; 0.065800;378.23; 33.71
V2362 Cyg   ; 21 11 32.3  ; +44 48 04   ;Na;  ;21.00; 0.065770;-852.74;431.42
J0945-1944  ; 09 45 51.0  ; -19 44 01   ;DN;SU;16.50; 0.065769;182.83;  3.92
J1725-6438  ; 17 25 54.8  ; -64 38 39   ;NL;AM;18.00; 0.065734;369.62; 43.87
J0922+3307  ; 09 22 29.3  ; +33 07 44   ;DN;SU;18.40; 0.065700;563.82;141.80
YY Sex      ; 10 39 47.0  ; -05 06 58   ;NL;IP;17.40; 0.065597;332.58; 31.04
DI Phe      ; 23 54 20.4  ; -47 00 20   ;DN;  ;18.90; 0.065550;525.90;129.92
J0426+3541  ; 04 26 09.3  ; +35 41 45   ;DN;SU;16.70; 0.065502;187.84;  2.54
J0438+0040  ; 04 38 29.1  ; +00 40 17   ;DN;  ;19.00; 0.065500;1374.04;897.58
DM Lyr      ; 18 58 44.4  ; +30 15 33   ;DN;SU;18.40; 0.065409;655.74; 50.01
AO Oct      ; 21 05 08.2  ; -75 21 02   ;DN;SU;19.80; 0.065350;3925.54;16956.33
J1524+2209  ; 15 24 19.3  ; +22 09 20   ;DN;SU;18.60; 0.065319;464.71; 61.97
J0746+1734  ; 07 46 40.6  ; +17 34 13   ;DN;SU;20.00; 0.065300;891.14;716.07
J0912-0349  ; 09 12 46.0  ; -03 49 16   ;DN;  ;17.90; 0.065300;620.93; 57.50
AK Cnc      ; 08 55 21.2  ; +11 18 15   ;DN;SU;18.90; 0.065100;592.91; 65.97
V1195 Oph   ; 17 00 21.7  ; -20 53 34   ;DN;SU;20.50; 0.065000;578.58;246.04
J0411-0907  ; 04 11 33.6  ; -09 07 29   ;DN;SU;19.60; 0.065000;886.75;222.50
J1259+2426  ; 12 59 05.8  ; +24 26 33   ;DN;SU;21.10; 0.065000;   nan;   nan
J1743+2311  ; 17 43 05.7  ; +23 11 08   ;DN;SU;20.20; 0.065000;3166.23;4435.89
J2319+3647  ; 23 19 36.1  ; +36 47 00   ;DN;SU;19.00; 0.065000;408.36; 25.50
AQ CMi      ; 07 14 34.8  ; +08 48 06   ;DN;SU;18.80; 0.064900;645.07;111.50
CT Hya      ; 08 51 07.4  ; +03 08 34   ;DN;SU;19.90; 0.064900;713.52;131.44
UV Per      ; 02 10 08.3  ; +57 11 21   ;DN;SU;17.90; 0.064900;250.73;  8.30
J0232-3717  ; 02 32 38.0  ; -37 17 55   ;DN;SU;18.80; 0.064700;206.96;  8.53
J1538+5123  ; 15 38 17.4  ; +51 23 38   ;DN;  ;18.60; 0.064660;629.20; 64.88
EQ Cet      ; 01 28 52.5  ; -23 39 43   ;NL;AM;17.50; 0.064455;284.84;  8.85
HW Boo      ; 13 43 23.2  ; +15 09 17   ;DN;  ;17.50; 0.064350;396.21; 25.56
J0935+1619  ; 09 35 37.5  ; +16 19 51   ;CV;NL;18.50; 0.064059;1954.77;1316.19
J0127-5817  ; 01 27 54.5  ; -58 17 17   ;DN;SU;19.90; 0.064000;625.69;354.16
J0507+1253  ; 05 07 16.2  ; +12 53 15   ;DN;SU;20.50; 0.064000;185.79; 80.47
J1127-2822  ; 11 27 26.0  ; -28 22 12   ;DN;SU;21.30; 0.064000;   nan;   nan
J1703+6607  ; 17 03 43.0  ; +66 07 45   ;DN;SU;21.00; 0.064000;6662.92;3761.07
J2144+2220  ; 21 44 26.4  ; +22 20 25   ;DN;SU;17.10; 0.064000;1000.46;136.29
J0945+2922  ; 09 45 58.2  ; +29 22 53   ;NL;  ;19.10; 0.063900;453.00; 90.36
J1944-4202  ; 19 44 27.8  ; -42 02 09   ;NL;AM;16.30; 0.063850;411.50;101.51
J1817-2508  ; 18 17 22.2  ; -25 08 43   ;NL;IP;16.90; 0.063800;-13080.88;19810.02
J1312+1736  ; 13 12 23.5  ; +17 37 00   ;NL;AM;19.10; 0.063785;539.65;157.62
V632 Cyg    ; 21 36 04.2  ; +40 26 19   ;DN;SU;18.00; 0.063770;512.36; 18.66
V476 Peg    ; 21 54 33.7  ; +35 50 17   ;DN;SU;18.10; 0.063700;652.09; 27.23
ER UMa      ; 09 47 11.8  ; +51 54 09   ;DN;SU;15.80; 0.063660;373.64;  6.47
J0039+0054  ; 00 39 41.1  ; +00 54 28   ;DN;  ;20.60; 0.063469;-750.65;1100.69
V453 Nor    ; 16 00 47.5  ; -48 46 05   ;DN;SU;17.90; 0.063380;288.57;  4.61
QZ Lib      ; 15 36 16.0  ; -08 39 07   ;DN;SU;17.50; 0.063300;187.36; 11.66
MR UMa      ; 11 31 22.4  ; +43 22 38   ;DN;SU;16.70; 0.063300;340.87; 19.58
CG CMa      ; 07 04 05.2  ; -23 45 34   ;DN;SU;22.00; 0.063275;6019.90;2123.57
J1321+5609  ; 13 21 04.0  ; +56 09 58   ;NL;AM;16.30; 0.063235;823.72; 49.79
OY Car      ; 10 06 22.4  ; -70 14 05   ;DN;SU;16.70; 0.063121; 90.79;  0.25
J1125-0016  ; 11 25 55.7  ; -00 16 38   ;DN;  ;19.70; 0.063100;518.87;155.96
V1227 Her   ; 16 53 59.1  ; +20 10 10   ;DN;SU;17.50; 0.063100;903.07;134.61
VY Aqr      ; 21 12 09.2  ; -08 49 37   ;DN;SU;17.10; 0.063090;138.20;  2.60
J0600+1426  ; 06 00 10.0  ; +14 26 13   ;DN;SU;20.00; 0.063000;522.76;259.63
J0729+5938  ; 07 29 48.6  ; +59 38 25   ;DN;SU;19.80; 0.063000;370.82; 70.11
J0734+2713  ; 07 34 18.7  ; +27 13 09   ;DN;SU;20.30; 0.063000;-2681.61;6107.39
J1400+5723  ; 14 00 38.0  ; +57 23 41   ;DN;SU;19.30; 0.063000;551.02; 79.73
J1227+5139  ; 12 27 40.8  ; +51 39 25   ;DN;SU;19.10; 0.062950;364.19; 26.71
TV Crv      ; 12 20 24.2  ; -18 27 02   ;DN;SU;18.70; 0.062900;325.66; 31.94
V5662 Sgr   ; 20 05 51.2  ; -29 34 58   ;DN;  ;15.90; 0.062890;168.61;  4.92
EK TrA      ; 15 14 01.0  ; -65 05 35   ;DN;SU;16.70; 0.062880;4965.16;3960.59
J0333-4451  ; 03 33 20.6  ; -44 51 42   ;DN;  ;17.30; 0.062860;561.58; 33.00
J1057+2759  ; 10 57 54.2  ; +27 59 48   ;DN;  ;19.00; 0.062810;607.88;213.63
HO Del      ; 20 36 55.5  ; +14 03 09   ;DN;SU;17.80; 0.062700;505.24; 56.61
J1631+1031  ; 16 31 20.9  ; +10 31 34   ;DN;SU;18.00; 0.062700;493.59; 28.17
J1300+1151  ; 13 00 30.3  ; +11 51 01   ;DN;SU;19.50; 0.062670;742.92;282.63
J1745-2905  ; 17 45 32.7  ; -29 05 52   ;NL;AM;0.00; 0.062611;1736.68;140.00
BC UMa      ; 11 52 15.9  ; +49 14 42   ;DN;SU;18.60; 0.062610;320.27; 18.43
EU UMa      ; 11 49 55.7  ; +28 45 08   ;NL;AM;16.60; 0.062600;330.84; 33.25
V347 Pav    ; 18 44 48.3  ; -74 18 34   ;NL;AM;15.20; 0.062557;161.63;  2.10
J0257+3337  ; 02 57 37.7  ; +33 37 51   ;NL;AM;18.30; 0.062508;711.89;123.84
V436 Cen    ; 11 14 00.1  ; -37 40 49   ;DN;SU;15.30; 0.062501;157.23;  1.59
SY Cap      ; 20 29 47.5  ; -15 54 38   ;DN;SU;18.80; 0.062500;384.07; 27.10
V2051 Oph   ; 17 08 19.1  ; -25 48 31   ;DN;SU;15.00; 0.062428;112.35;  0.89
DP Leo      ; 11 17 16.0  ; +17 57 41   ;NL;AM;17.50; 0.062363;305.06; 28.94
J1325+2100  ; 13 25 36.1  ; +21 00 37   ;DN;  ;19.50; 0.062238;1157.34;542.99
V1159 Ori   ; 05 28 59.5  ; -03 33 53   ;DN;SU;13.60; 0.062178;351.59;  5.00
V402 And    ; 00 11 07.3  ; +30 32 36   ;DN;SU;20.30; 0.062100;575.02;251.51
V1141 Aql   ; 19 37 09.8  ; +02 36 01   ;DN;SU;19.50; 0.062020;409.80;102.65
V611 Her    ; 16 44 49.4  ; +19 59 40   ;DN;SU;20.70; 0.062000;865.10;316.29
J0754+3132  ; 07 54 14.5  ; +31 32 16   ;DN;SU;19.60; 0.062000;646.59;318.00
J1107-6108  ; 11 07 20.6  ; -61 08 33   ;DN;SU;20.30; 0.062000;3112.68;309.42
J1202-4541  ; 12 02 51.6  ; -45 41 16   ;DN;SU;19.60; 0.062000;450.89; 48.85
J1239-4716  ; 12 39 56.2  ; -47 16 24   ;DN;SU;18.30; 0.062000;409.02; 67.86
CP Tuc      ; 23 15 19.1  ; -59 10 28   ;NL;AM;16.40; 0.061832;214.83; 11.62
J1832-1001  ; 18 32 51.6  ; -10 01 05   ;NL;AM;21.60; 0.061800;884.63;867.42
DT Pyx      ; 09 18 58.5  ; -29 42 37   ;DN;SU;17.50; 0.061650;347.59; 34.87
J1514+0744  ; 15 14 15.7  ; +07 44 47   ;NL;AM;18.60; 0.061610;181.50;  7.50
V4140 Sgr   ; 19 58 49.7  ; -38 56 12   ;DN;SU;17.50; 0.061430;600.47; 58.74
V379 Vir    ; 12 12 09.3  ; +01 36 28   ;NL;AM;18.00; 0.061412;149.69;  3.97
J1025-1542  ; 10 25 22.0  ; -15 42 24   ;DN;SU;19.30; 0.061360;255.50; 33.67
CP Pup      ; 08 11 46.0  ; -35 21 06   ;Na;SH;19.50; 0.061264;813.11; 13.94
J0332+0204  ; 03 32 31.9  ; +02 04 39   ;DN;SU;19.80; 0.061210;-3384.93;7999.85
XZ Eri      ; 04 11 25.8  ; -15 23 24   ;DN;SU;18.80; 0.061159;333.31; 33.23
J1537-2440  ; 15 37 56.9  ; -24 40 14   ;DN;SU;21.50; 0.061010;   nan;   nan
J0141+0908  ; 01 41 50.4  ; +09 08 22   ;DN;SU;20.40; 0.061000;636.99;390.01
J0157+5110  ; 01 57 46.1  ; +51 10 24   ;DN;SU;20.40; 0.061000;412.67;298.04
J0243-1603  ; 02 43 54.1  ; -16 03 14   ;DN;SU;20.10; 0.061000;360.93; 96.43
J0506-1659  ; 05 06 59.2  ; -16 59 32   ;DN;SU;19.30; 0.061000;561.01; 72.00
J0643+7410  ; 06 43 35.1  ; +74 10 15   ;DN;SU;21.30; 0.061000;1192.66;1305.45
J0907-1042  ; 09 07 05.4  ; -10 42 45   ;DN;SU;21.90; 0.061000;   nan;   nan
J1015+0333  ; 10 15 45.5  ; +03 33 13   ;DN;SU;19.00; 0.061000;1623.32;433.00
J2009-6326  ; 20 09 24.1  ; -63 26 23   ;DN;SU;19.90; 0.061000;378.66;163.73
J2031+5119  ; 20 31 55.1  ; +51 19 39   ;DN;SU;20.20; 0.061000;1055.07;466.63
AQ Eri      ; 05 06 13.0  ; -04 08 07   ;DN;SU;17.50; 0.060940;376.18; 16.73
UZ Boo      ; 14 44 01.3  ; +22 00 56   ;DN;SU;19.80; 0.060900;276.44; 46.91
J1751-2936  ; 17 51 19.4  ; -29 36 59   ;NL;AM;22.60; 0.060900;17727.94;38221.61
V1028 Cyg   ; 20 00 56.6  ; +56 56 37   ;DN;SU;19.00; 0.060600;578.93; 74.79
J1853-0128  ; 18 53 30.7  ; -01 28 16   ;NL;IP;17.10; 0.060600;219.14; 11.66
J2048-0610  ; 20 48 17.9  ; -06 10 45   ;DN;SU;19.50; 0.060597;561.79;140.93
FL Cet      ; 01 55 43.4  ; +00 28 07   ;NL;AM;15.00; 0.060516;319.48; 14.05
IW Eri      ; 04 25 55.2  ; -19 45 30   ;NL;AM;16.60; 0.060500;319.81; 48.68
Lanning 420 ; 22 02 43.1  ; +59 03 21   ;DN;SU;20.60; 0.060500;2620.40;2856.59
KX Aql      ; 19 33 53.7  ; +14 17 47   ;DN;SU;18.40; 0.060350;4005.40;3931.92
J0813-0103  ; 08 13 18.5  ; -01 03 28   ;DN;SU;15.60; 0.060306;177.75;  2.84
RX Vol      ; 08 39 32.3  ; -66 17 39   ;DN;SU;22.00; 0.060300;1497.26;1062.30
V1040 Cen   ; 11 55 27.1  ; -56 41 53   ;DN;SU;14.60; 0.060296;   nan;   nan
VX For      ; 03 26 45.7  ; -34 26 25   ;DN;SU;19.00; 0.060200;636.10;329.05
MM Sco      ; 17 30 45.3  ; -42 11 41   ;DN;SU;18.50; 0.060200;496.27; 61.01
KK Cnc      ; 08 07 14.3  ; +11 38 13   ;DN;SU;20.90; 0.060000;392.99;249.70
CI UMa      ; 10 18 13.0  ; +71 55 43   ;DN;SU;19.10; 0.060000;   nan;   nan
J0019+4649  ; 00 19 52.3  ; +46 49 33   ;DN;SU;21.30; 0.060000;   nan;   nan
J0911-7756  ; 09 11 51.8  ; -77 56 34   ;DN;SU;21.30; 0.060000;1037.51;842.96
J1036-6337  ; 10 36 19.8  ; -63 37 33   ;DN;SU;21.60; 0.060000;2311.93;636.11
J1051+6725  ; 10 51 22.9  ; +67 25 29   ;DN;SU;19.00; 0.060000;1013.16;198.24
J1405-1902  ; 14 05 22.9  ; -19 02 09   ;DN;SU;21.00; 0.060000;   nan;   nan
J1649+1402  ; 16 49 25.4  ; +14 02 44   ;DN;SU;21.20; 0.060000;-1093.93;1407.37
J1720+1838  ; 17 20 38.7  ; +18 38 02   ;DN;SU;20.80; 0.060000;1422.44;1494.27
J1953+1859  ; 19 53 27.2  ; +18 59 13   ;DN;SU;20.40; 0.060000;615.03;138.88
J2210+3046  ; 22 10 25.2  ; +30 46 06   ;DN;SU;20.50; 0.060000;223.98; 38.22
J2247-3622  ; 22 47 39.7  ; -36 22 53   ;DN;SU;20.70; 0.060000;310.09; 50.40
J1250+1549  ; 12 50 44.4  ; +15 49 58   ;NL;AM;18.30; 0.059950;128.37;  2.95
J1743+5203  ; 17 43 48.6  ; +52 03 46   ;DN;SU;19.20; 0.059910;291.24; 17.92
V521 Peg    ; 22 21 44.8  ; +18 40 08   ;DN;SU;17.60; 0.059900;191.17;  3.18
DW Cnc      ; 07 58 53.1  ; +16 16 45   ;NL;IP;14.00; 0.059793;208.77;  2.49
J0826-0007  ; 08 26 54.7  ; -00 07 33   ;DN;SU;19.40; 0.059760;447.93;127.15
J2112+2421  ; 21 12 58.7  ; +24 21 46   ;DN;SU;20.80; 0.059732;317.25; 70.41
J0904+0355  ; 09 04 03.5  ; +03 55 01   ;DN;  ;19.10; 0.059723;267.08; 48.56
HT Cam      ; 07 57 01.3  ; +63 06 01   ;NL;IP;17.80; 0.059712;371.13;  8.58
DY CMi      ; 07 47 27.6  ; +06 50 50   ;DN;SU;19.50; 0.059700;304.33; 39.26
J0425-5714  ; 04 25 38.7  ; -57 14 37   ;NL;AM;0.00; 0.059598;564.38; 23.75
FS Aur      ; 05 47 48.3  ; +28 35 11   ;DN;SU;15.40; 0.059581;546.76; 20.89
J1404-1027  ; 14 04 54.0  ; -10 27 02   ;DN;SU;19.10; 0.059579;674.53;226.52
J1714-2943  ; 17 14 42.6  ; -29 43 45   ;DN;SU;17.10; 0.059560;177.37;  4.59
EL UMa      ; 10 55 07.0  ; +36 59 46   ;DN;SU;20.30; 0.059400;453.03;245.49
V498 Hya    ; 08 45 55.1  ; +03 39 30   ;DN;SU;21.00; 0.059400;202.51; 83.97
J1751-2937  ; 17 51 23.5  ; -29 37 55   ;NL;AM;22.30; 0.059390;   nan;   nan
GQ Mus      ; 11 52 02.5  ; -67 12 20   ;Na;AM;19.00; 0.059365;2126.73;991.96
EN Cet      ; 00 27 28.0  ; -01 08 28   ;DN;  ;20.70; 0.059330;   nan;   nan
V591 Cen    ; 12 42 18.0  ; -33 34 07   ;DN;SU;16.00; 0.059300;1583.56;298.85
V585 Lyr    ; 19 13 58.4  ; +40 44 09   ;DN;SU;21.10; 0.059300;-1277.81;1081.63
J1044+2113  ; 10 44 11.4  ; +21 13 07   ;DN;SU;19.30; 0.059200;   nan;   nan
RW UMi      ; 16 47 54.8  ; +77 02 12   ;Nb;  ;18.50; 0.059100;2119.41;866.62
J0903+3300  ; 09 03 50.7  ; +33 00 36   ;DN;SU;18.80; 0.059074;396.89; 59.16
EZ Lyn      ; 08 04 34.2  ; +51 03 49   ;DN;SU;17.60; 0.059005;145.65;  3.25
J1202+4503  ; 12 02 31.0  ; +45 03 49   ;DN;SU;20.00; 0.059000;541.12;102.58
J1324-1951  ; 13 24 39.9  ; -19 51 29   ;DN;SU;20.50; 0.059000;   nan;   nan
J1340-3505  ; 13 40 15.0  ; -35 05 12   ;DN;  ;18.40; 0.059000;641.90; 86.64
J1853+5945  ; 18 53 09.6  ; +59 45 07   ;DN;SU;17.80; 0.059000;655.27; 66.42
J2003-3928  ; 20 03 59.6  ; -39 28 31   ;DN;SU;19.30; 0.059000;400.00; 76.48
J2052-0239  ; 20 52 52.7  ; -02 39 53   ;DN;SU;19.00; 0.059000;269.76; 16.48
NZ Boo      ; 15 02 41.0  ; +33 34 24   ;DN;SU;17.00; 0.058910;186.73;  3.01
V498 Vul    ; 19 59 51.3  ; +22 42 32   ;DN;SU;22.50; 0.058900;1484.05;742.52
J0755+1435  ; 07 55 07.7  ; +14 35 48   ;  ;  ;18.20; 0.058860;259.39; 16.66
QZ Vir      ; 11 38 27.0  ; +03 22 08   ;DN;SU;15.20; 0.058820;127.97;  1.12
FL TrA      ; 16 30 36.6  ; -61 50 21   ;DN;SU;21.00; 0.058800;1234.70;1034.28
EG Cnc      ; 08 43 04.0  ; +27 51 50   ;DN;SU;19.10; 0.058770;183.80; 10.33
V1025 Cen   ; 12 38 16.5  ; -38 42 46   ;NL;IP;15.50; 0.058760;193.16;  4.74
KV Dra      ; 14 50 38.3  ; +64 03 28   ;DN;SU;17.10; 0.058760;449.84; 12.11
OV Dra      ; 12 50 23.9  ; +66 55 25   ;DN;SU;18.90; 0.058736;467.48; 33.64
J2003-2849  ; 20 03 31.3  ; -28 49 41   ;DN;  ;19.20; 0.058680;323.07; 48.70
J2109+1348  ; 21 09 50.4  ; +13 48 40   ;DN;SU;18.70; 0.058650;215.53; 14.17
J1729+0054  ; 17 29 29.5  ; +00 54 04   ;DN;SU;21.50; 0.058600;1227.14;2036.44
CC Scl      ; 23 15 31.9  ; -30 48 46   ;DN;SU;17.30; 0.058567;203.90;  6.17
J0921+2038  ; 09 21 22.8  ; +20 38 57   ;NL;AM;16.60; 0.058501;   nan;   nan
BM CrB      ; 15 41 04.7  ; +36 02 53   ;NL;AM;17.20; 0.058500;418.67; 16.41
J1112-3538  ; 11 12 17.4  ; -35 38 29   ;DN;SU;20.90; 0.058470;587.80;212.89
RZ LMi      ; 09 51 49.0  ; +34 07 25   ;DN;SU;17.00; 0.058400;726.89; 44.48
J1735+1547  ; 17 35 16.9  ; +15 47 08   ;DN;SU;19.10; 0.058300;1080.99;112.36
J2154+2641  ; 21 54 57.7  ; +26 41 13   ;DN;SU;18.80; 0.058290;260.92; 12.95
WX Cet      ; 01 17 04.2  ; -17 56 23   ;DN;SU;17.50; 0.058261;263.67; 11.40
J1706+1434  ; 17 06 09.7  ; +14 34 52   ;DN;SU;18.50; 0.058200;442.55; 36.00
V386 Ser    ; 16 10 33.7  ; -01 02 22   ;DN;ZZ;18.90; 0.058100;240.73; 21.38
J1955+0045  ; 19 55 12.5  ; +00 45 37   ;NL;AM;15.60; 0.058051;170.81;  2.48
FZ Cet      ; 01 42 25.3  ; -22 15 58   ;DN;SU;19.20; 0.058000;346.19; 20.36
IL Leo      ; 10 31 00.6  ; +20 28 32   ;NL;AM;18.30; 0.058000;920.98;335.08
V1186 Sco   ; 17 12 51.3  ; -30 56 38   ;Na;  ;20.00; 0.058000;   nan;   nan
J2036-1311  ; 20 36 44.2  ; -13 11 56   ;DN;SU;21.00; 0.058000;727.75;327.82
J0627+3952  ; 06 27 03.8  ; +39 52 49   ;DN;SU;20.70; 0.057870;518.76;255.08
V598 Peg    ; 23 33 25.9  ; +15 22 22   ;NL;IP;18.30; 0.057720;752.21;171.46
MM Hya      ; 09 14 14.0  ; -06 47 45   ;DN;SU;18.70; 0.057590;360.45; 30.50
J1759+2520  ; 17 59 24.1  ; +25 20 32   ;DN;SU;20.00; 0.057534;460.33;205.82
J2205+1155  ; 22 05 54.0  ; +11 55 54   ;DN;SU;20.10; 0.057520;748.22;400.88
J0234-0454  ; 02 34 27.7  ; -04 54 31   ;DN;SU;17.00; 0.057506; 81.02;  0.25
J2224-2924  ; 22 24 16.3  ; -29 24 22   ;DN;SU;20.90; 0.057400;413.13;184.72
V355 UMa    ; 13 39 41.1  ; +48 47 27   ;DN;SU;17.60; 0.057310;150.14;  1.94
DO Vul      ; 19 52 10.7  ; +19 34 43   ;DN;SU;20.70; 0.057300;1296.35;3488.53
J2338-2049  ; 23 38 22.5  ; -20 49 52   ;DN;SU;21.60; 0.057255;1907.99;6389.59
J0043-0037  ; 00 43 35.1  ; -00 37 30   ;DN;ZZ;19.80; 0.057170;334.72; 64.04
J0120+3255  ; 01 20 59.6  ; +32 55 45   ;DN;SU;20.00; 0.057145;356.79; 64.04
HV Vir      ; 13 21 03.2  ; +01 53 29   ;DN;SU;19.00; 0.057069;344.81; 49.05
J1915+0719  ; 19 15 02.1  ; +07 19 48   ;DN;SU;18.60; 0.057060;201.91;  6.84
J1035+0551  ; 10 35 33.0  ; +05 51 58   ;DN;BD;18.80; 0.057007;209.09; 14.12
J0636-3114  ; 06 36 17.4  ; -31 14 43   ;DN;SU;19.90; 0.057000;618.75;158.06
J0738-8250  ; 07 38 19.4  ; -82 50 40   ;DN;SU;19.10; 0.057000;443.00; 74.31
J0751+3006  ; 07 51 07.5  ; +30 06 28   ;DN;SU;19.80; 0.057000;1301.57;925.24
J0811+6600  ; 08 11 10.4  ; +66 00 10   ;DN;SU;21.90; 0.057000;   nan;   nan
J0948+0149  ; 09 48 54.0  ; +01 49 11   ;DN;SU;20.70; 0.057000;   nan;   nan
J1058+0547  ; 10 58 35.1  ; +05 47 06   ;DN;SU;20.40; 0.057000;547.65;203.34
J1304+0103  ; 13 04 41.8  ; +01 03 31   ;DN;SU;20.80; 0.057000;434.38;236.68
J1616+1151  ; 16 16 18.7  ; +11 51 05   ;DN;SU;21.00; 0.057000;-1087.19;2614.81
J2155+2741  ; 21 55 12.7  ; +27 41 19   ;DN;SU;20.60; 0.057000;1433.25;1214.07
J1610+0907  ; 16 10 27.6  ; +09 07 38   ;DN;SU;20.10; 0.056900;379.77; 73.48
J1501+5501  ; 15 01 37.2  ; +55 01 23   ;DN;SU;19.40; 0.056841;341.73; 32.26
SW UMa      ; 08 36 42.8  ; +53 28 38   ;DN;SU;16.50; 0.056815;162.64;  2.13
V1108 Her   ; 18 39 26.2  ; +26 04 10   ;DN;SU;17.10; 0.056720;151.98;  3.24
J1605+2030  ; 16 05 01.4  ; +20 30 57   ;DN;SU;19.90; 0.056700;321.33; 57.07
PU CMa      ; 06 40 47.7  ; -24 23 14   ;DN;SU;16.20; 0.056694;163.05;  0.83
WZ Sge      ; 20 07 36.4  ; +17 42 15   ;SU;WZ;15.00; 0.056688; 45.13;  0.08
AL Com      ; 12 32 25.9  ; +14 20 43   ;DN;SU;20.50; 0.056669;566.60;202.29
GY Cet      ; 01 31 32.4  ; -09 01 22   ;DN;ZZ;18.50; 0.056630;301.82; 23.14
J1532-2833  ; 15 32 00.4  ; -28 33 57   ;DN;SU;21.20; 0.056630;427.32;140.82
J1751-2942  ; 17 51 47.4  ; -29 42 15   ;NL;AM;21.40; 0.056600;   nan;   nan
FL Psc      ; 00 25 11.1  ; +12 17 12   ;DN;SU;17.30; 0.056540;153.53;  3.21
LV Cnc      ; 09 19 45.1  ; +08 57 10   ;DN;ZZ;18.20; 0.056500;191.11;  9.00
V1454 Cyg   ; 19 53 38.5  ; +35 21 46   ;DN;SU;20.50; 0.056500; 97.93; 17.17
V466 And    ; 02 00 25.4  ; +44 10 19   ;DN;SU;20.90; 0.056350;505.75;368.69
V391 Cam    ; 05 32 33.9  ; +62 47 52   ;DN;SU;17.50; 0.056200;164.29;  1.23
J0309+2638  ; 03 09 29.8  ; +26 38 04   ;DN;SU;19.50; 0.056200;244.44; 16.52
PQ And      ; 02 29 29.5  ; +40 02 39   ;DN;SU;19.10; 0.056000;251.51; 28.70
GS Cet      ; 00 50 50.9  ; +00 09 13   ;DN;  ;20.40; 0.056000;   nan;   nan
CI Gru      ; 21 33 06.8  ; -42 28 52   ;DN;SU;16.50; 0.056000;-70993.48;2436432.86
J0132-1043  ; 01 32 02.7  ; -10 43 57   ;DN;SU;20.80; 0.056000;437.43;279.92
J0206+2057  ; 02 06 33.4  ; +20 57 08   ;DN;SU;18.60; 0.056000;493.36; 54.31
J0558+3915  ; 05 58 45.5  ; +39 15 33   ;DN;SU;17.30; 0.056000;552.73; 75.00
J0619+1926  ; 06 19 59.9  ; +19 26 59   ;DN;SU;20.60; 0.056000;   nan;   nan
J2051-0358  ; 20 51 46.2  ; -03 58 27   ;DN;SU;20.70; 0.056000;1509.57;2215.99
HV And      ; 00 40 55.3  ; +43 24 59   ;NL;SH;15.00; 0.055990;1560.04;209.03
V406 Vir    ; 12 38 13.7  ; -03 39 33   ;DN;SU;17.10; 0.055900;169.22;  4.44
J0947+0610  ; 09 47 59.8  ; +06 10 44   ;DN;SU;20.40; 0.055880;   nan;   nan
V1247 Her   ; 17 11 45.1  ; +30 13 20   ;  ;  ;20.30; 0.055800;349.29; 62.37
J1212+0416  ; 12 12 40.4  ; +04 16 56   ;DN;SU;20.50; 0.055700;521.92;154.32
J0154-5947  ; 01 54 01.0  ; -59 47 49   ;NL;AM;15.80; 0.055600;323.10;  3.51
IK Leo      ; 10 21 46.4  ; +23 49 26   ;DN;SU;19.70; 0.055500;279.86;113.08
GG Leo      ; 10 15 34.7  ; +09 04 42   ;NL;AM;16.00; 0.055471;263.71; 12.10
J1731+2754  ; 17 31 25.4  ; +27 54 29   ;DN;SU;21.70; 0.055410;   nan;   nan
V2176 Cyg   ; 19 27 11.6  ; +54 17 52   ;DN;SU;20.00; 0.055400;895.03;516.01
GZ Cet      ; 01 37 01.1  ; -09 12 35   ;DN;SU;18.60; 0.055351;280.00; 17.66
J0011+0451  ; 00 11 33.7  ; +04 51 23   ;DN;SU;20.80; 0.055348;318.00;160.35
EV UMa      ; 13 07 53.9  ; +53 51 30   ;NL;AM;17.00; 0.055338;660.56; 50.27
EQ Lyn      ; 07 45 31.9  ; +45 38 30   ;DN;SU;19.10; 0.055200;370.92; 53.52
LL And      ; 00 41 51.5  ; +26 37 21   ;DN;SU;19.90; 0.055055;704.83;312.44
J0858-2740  ; 08 58 54.2  ; -27 40 31   ;DN;SU;19.30; 0.055000;491.70; 83.40
J1800+5256  ; 18 00 05.9  ; +52 56 33   ;DN;SU;21.20; 0.055000;-6548.15;71763.05
J1845+4831  ; 18 45 42.6  ; +48 31 31   ;NL;AM;16.60; 0.054908;3407.20;15854.63
HO Cet      ; 02 33 21.4  ; -10 47 04   ;DN;SU;18.20; 0.054900;   nan;   nan
J1751-2938  ; 17 51 18.8  ; -29 38 11   ;NL;AM;22.70; 0.054730;2231.71;395.91
V844 Her    ; 16 25 01.7  ; +39 09 27   ;DN;SU;17.00; 0.054643;293.61;  8.39
J2305-0225  ; 23 05 23.3  ; -02 25 49   ;DN;SU;19.80; 0.054580;359.13; 54.80
DI UMa      ; 09 12 16.2  ; +50 53 55   ;DN;SU;19.00; 0.054570;686.73; 36.80
J2138+2619  ; 21 38 06.6  ; +26 19 57   ;DN;SU;16.60; 0.054400;1504.87; 84.61
BW Scl      ; 23 53 00.7  ; -38 51 46   ;DN;SU;16.40; 0.054323; 94.38;  0.85
J1853+4203  ; 18 53 28.8  ; +42 03 44   ;DN;SU;19.70; 0.054300;284.43; 14.93
J1433+1011  ; 14 33 17.8  ; +10 11 23   ;DN;  ;18.20; 0.054241;224.52; 10.22
PR Her      ; 18 08 04.4  ; +38 46 17   ;DN;SU;21.00; 0.054200;557.22;181.12
V4738 Sgr   ; 20 22 37.5  ; -39 54 13   ;NL;AM;18.50; 0.054179;329.02; 77.43
J1457+5148  ; 14 57 58.2  ; +51 48 08   ;DN;ZZ;19.50; 0.054087;581.21;104.90
CV Hyi      ; 01 32 42.0  ; -65 54 32   ;NL;AM;19.70; 0.054049;658.67;319.35
J0221+7322  ; 02 21 02.8  ; +73 22 45   ;DN;SU;20.40; 0.054000;345.53; 50.24
J1435+2336  ; 14 35 44.0  ; +23 36 39   ;DN;  ;18.20; 0.054000;212.96; 11.66
GW Lib      ; 15 19 55.5  ; -25 00 25   ;DN;SU;16.00; 0.053320;112.79;  1.05
J1605+2405  ; 16 05 48.0  ; +24 05 31   ;DN;SU;19.80; 0.053000;384.87; 40.92
J2141+0507  ; 21 41 40.4  ; +05 07 30   ;DN;  ;18.90; 0.053000;252.94; 30.79
PHL 1445    ; 02 42 42.9  ; -11 46 45   ;DN;BD;17.00; 0.052985;244.90;  7.93
J0557+6832  ; 05 57 18.5  ; +68 32 27   ;DN;SU;19.00; 0.052900;677.77; 73.24
J1944+4912  ; 19 44 19.3  ; +49 12 57   ;DN;SU;22.00; 0.052816;1970.41;3813.52
V574 Pup    ; 07 41 53.6  ; -27 06 38   ;Na;  ;17.90; 0.047200;4017.28;4085.39
OV Boo      ; 15 07 22.3  ; +52 30 40   ;DN;ZZ;18.10; 0.046258;211.12;  6.32
J1122-1110  ; 11 22 53.3  ; -11 10 38   ;DN;SU;20.50; 0.045300;748.20;503.04
J1740+4147  ; 17 40 33.5  ; +41 47 56   ;DN;SU;19.90; 0.045048;581.83;121.46
EI Psc      ; 23 29 54.3  ; +06 28 11   ;DN;SU;15.90; 0.044567;152.61;  1.56
V418 Ser    ; 15 14 53.6  ; +02 09 35   ;DN;SU;20.30; 0.044000;2005.97;2262.40
J2333-1557  ; 23 33 13.0  ; -15 57 44   ;DN;SU;21.30; 0.042830;24976.19;434651.19
J1137+4054  ; 11 37 32.3  ; +40 54 58   ;AC;NL;19.00; 0.041000;206.70; 13.26
V485 Cen    ; 12 57 23.3  ; -33 12 07   ;DN;SU;18.00; 0.040995;323.10; 30.86
J1940+4632  ; 19 40 16.2  ; +46 32 48   ;DN;  ;22.50; 0.039276;1283.18;645.18
J1552+3201  ; 15 52 52.5  ; +32 01 51   ;AC;NL;19.30; 0.039078;417.47;106.10
1108+5728   ; 11 11 26.8  ; +57 12 39   ;DN;SU;19.20; 0.038449;576.97; 43.14
J1642+1934  ; 16 42 28.1  ; +19 34 10   ;AC;NL;20.30; 0.038000;1609.43;1890.32
J1208+3550  ; 12 08 42.0  ; +35 50 25   ;AC;NL;18.80; 0.036800;199.79; 16.61
J1028-0819  ; 10 28 42.9  ; -08 19 27   ;DN;SU;19.10; 0.036200;689.92;137.84
J1505+0659  ; 15 05 51.6  ; +06 59 49   ;AC;NL;19.10; 0.035000;158.77; 11.42
J1611+6308  ; 16 11 34.0  ; +63 08 32   ;AC;DN;18.70; 0.034521;258.31; 10.38
J0354-1652  ; 03 54 10.3  ; -16 52 50   ;NL;AM;17.20; 0.033600;322.82; 13.18
J0902+3819  ; 09 02 21.4  ; +38 19 42   ;AC;DN;20.20; 0.033550;396.92;147.40
J0437+3702  ; 04 37 58.8  ; +37 02 59   ;DN;SU;21.20; 0.032000;812.89;544.25
J1411+4812  ; 14 11 18.3  ; +48 12 58   ;AC;NL;19.40; 0.032000;423.50; 54.68
J2348+2502  ; 23 48 43.2  ; +25 02 50   ;AC;DN;20.20; 0.032000;362.59;115.06
J0804+1616  ; 08 04 49.5  ; +16 16 25   ;AC;NL;18.00; 0.030900;831.23;145.12
J1525+3600  ; 15 25 09.6  ; +36 00 55   ;AC;NL;19.80; 0.030800;518.69; 74.28
J0713+2055  ; 07 13 27.3  ; +20 55 54   ;AC;DN;17.60; 0.028139;245.78;  7.21
J0255-4750  ; 02 55 33.3  ; -47 50 42   ;AC;DN;18.60; 0.027808;254.94;  3.23
J1721+2733  ; 17 21 02.5  ; +27 33 01   ;AC;DN;21.60; 0.027000;1252.64;1044.00
J0129+3842  ; 01 29 40.1  ; +38 42 10   ;AC;DN;21.00; 0.026080;484.01;124.03
J1240-0159  ; 12 40 58.0  ; -01 59 19   ;AC;NL;19.70; 0.025941;538.53;177.44
V558 Vir    ; 14 27 01.6  ; -01 23 10   ;AC;DN;21.00; 0.025390;523.29;390.25
J1730+5545  ; 17 30 47.6  ; +55 45 19   ;AC;DN;18.50; 0.024400;942.62;339.68
V406 Hya    ; 09 05 54.8  ; -05 36 09   ;AC;DN;20.50; 0.023470;418.20;183.55
J1538-3035  ; 15 38 38.2  ; -30 35 49   ;AC;DN;20.00; 0.020000;   nan;   nan
CP Eri      ; 03 10 32.8  ; -09 45 05   ;AC;DN;19.70; 0.019692;1462.86;2013.12
YZ LMi      ; 09 26 38.7  ; +36 24 02   ;AC;DN;20.30; 0.019661;548.30;164.95
J0208+3732  ; 02 08 04.2  ; +37 32 17   ;AC;DN;17.50; 0.019300;443.97; 32.01
J0719+4858  ; 07 19 12.1  ; +48 58 35   ;AC;DN;19.50; 0.018590;874.41;230.09
V803 Cen    ; 13 23 44.5  ; -41 44 30   ;AC;DN;16.80; 0.018480;   nan;   nan
J1832-0840  ; 18 32 19.3  ; -08 40 30   ;NL;IP;21.10; 0.017966;762.72;311.06
KL Dra      ; 19 24 38.3  ; +59 41 47   ;AC;DN;19.20; 0.017382;965.80;138.76
CR Boo      ; 13 48 55.3  ; +07 57 35   ;AC;DN;17.20; 0.017029;   nan;   nan
J2139-5959  ; 21 39 48.2  ; -59 59 32   ;AC;DN;19.80; 0.016000;1025.41;103.45
J1919+4815  ; 19 19 05.2  ; +48 15 06   ;AC;DN;21.80; 0.015594;1818.51;1082.56
HP Lib      ; 15 35 53.1  ; -14 13 12   ;AC;NL;13.60; 0.012763;276.05;  4.00
AM CVn      ; 12 34 54.6  ; +37 37 43   ;AC;NL;14.10; 0.011907;298.40;  4.02
J1908+3940  ; 19 08 17.1  ; +39 40 36   ;AC;NL;16.10; 0.011033;1047.99; 50.97
ES Cet      ; 02 00 52.2  ; -09 24 32   ;AC;NL;16.70; 0.007178;1677.52;304.07
V407 Vul    ; 19 14 26.1  ; +24 56 43   ;AC;NL;18.20; 0.006590;10537.67;36336.84
HM Cnc      ; 08 06 23.0  ; +15 27 31   ;AC;NL;21.10; 0.003721;   nan;   nan
J0043+4117  ; 00 43 19.8  ; +41 17 58   ;NL;IP;0.00; 0.000000;367.28;112.12
J0614+1704  ; 06 14 12.3  ; +17 04 33   ;NL;IP;17.80; 0.000000;1627.50;260.19
J1748-2807  ; 17 48 16.9  ; -28 07 50   ;NL;IP;0.00; 0.000000;2279.46;1698.22
J1803-3000  ; 18 03 54.5  ; -30 00 06   ;NL;IP;21.70; 0.000000;   nan;   nan
J1804-2739  ; 18 04 30.4  ; -27 39 32   ;NL;IP;17.30; 0.000000;3141.13;1514.42
J1804-1456  ; 18 04 38.9  ; -14 56 47   ;NL;IP;18.00; 0.000000;2998.15;2652.82
J2138+5544  ; 21 38 50.0  ; +55 44 05   ;NL;IP;18.00; 0.000000;3989.39;2281.70
